Time;U_t;V_t
0.0;1.0;0.0
0.005;0.993765802475589;-2.4892246976962604
0.01;0.9751779908805575;-4.936328587845609
0.015;0.9445232765274703;-7.311010893489082
0.02;0.90223743110169;-9.584008327510979
0.025;0.8488992053390351;-11.727455151021571
0.03;0.78522246107754;-13.715224036891918
0.035;0.712046681524968;-15.523243774191098
0.04;0.6303259591770537;-17.12979013863541
0.045;0.5411165903576128;-18.515746010608705
0.05;0.4455634585172625;-19.664827939229777
0.055;0.344885377607985;-20.563776346164136
0.06;0.2403595745612018;-21.2025072759115
0.065;0.13330551630020682;-21.574223841961057
0.07;0.025068282154616813;-21.67548624637383
0.075;-0.08299830703226554;-21.50623966095907
0.08;-0.18954860401043466;-21.06979981133805
0.085;-0.2932618540072152;-20.37279659017066
0.09;-0.39285854093660466;-19.425076696625275
0.095;-0.4871161458510479;-18.239566610863676
0.1;-0.5748841273766829;-16.83209777972372
0.105;-0.6550979338288714;-15.2211964225126
0.11;-0.7267918806611032;-13.427840669869848
0.115;-0.7891107424102978;-11.4751882696673
0.12;-0.8413199151779976;-9.388278331281676
0.125;-0.8828140302972037;-7.193710957234483
0.13;-0.9131239204025093;-4.9193088728515075
0.135;-0.9319218571946696;-2.593765328083269
0.14;-0.9390250031004008;-0.24628270812711434
0.145;-0.9343970429745011;2.093793557729741
0.15;-0.918147983127754;4.397341263454578
0.155;-0.8905321274936283;6.635823263062114
0.16;-0.8519442652885182;8.781640408303879
0.165;-0.802914125391736;10.80847122740244
0.17;-0.7440991731713122;12.691594140936878
0.17500000000000002;-0.6762758528866339;14.408188378717414
0.18;-0.6003293792848761;15.937609785313633
0.185;-0.5172422240610529;17.261638338328652
0.19;-0.42808144154452954;18.36469432264957
0.195;-0.33398499664656955;19.234020662624253
0.2;-0.23614727028161592;19.859829269358627
0.20500000000000002;-0.13580393025669704;20.23540972518225
0.21;-0.0342163374444951;20.357199251867236
0.215;0.06734426183304332;20.22481285861303
0.22;0.167612632939785;19.841034133678395
0.225;0.2653452875836232;19.21176636252725
0.23;0.3593358794850439;18.345945071797246
0.23500000000000001;0.4484300681343678;17.255413161198327
0.24;0.5315396681058737;15.954760371730345
0.245;0.6076559124152425;14.46112926651189
0.25;0.675861667305703;12.793990279914503
0.255;0.7353424466660547;10.974888633725373
0.26;0.7853961058173086;9.027166808723031
0.265;0.8254410865081458;6.975665599044133
0.27;0.8550231242664847;4.846407938391763
0.275;0.8738203397502531;2.666269431879465
0.28;0.8816466604799236;0.4626396938186792
0.28500000000000003;0.8784535316510491;-1.736921201118789
0.29;0.86432990712002;-3.905026850538383
0.295;0.8395005271585919;-6.01480496071389
0.3;0.8043225140029947;-8.040229842540112
0.305;0.7592803312422974;-9.956442907766437
0.31;0.7049791805080684;-11.740057176738143
0.315;0.6421369189644083;-13.369442056464466
0.32;0.5715746184071397;-14.824985091307285
0.325;0.4942058697612709;-16.08932721974932
0.33;0.41102498572298596;-17.147568862172754
0.335;0.3230942781030904;-17.987445493530107
0.34;0.23153046142940864;-18.59946695694787
0.34500000000000003;0.13749055240002295;-18.97702472787335
0.35000000000000003;0.04215725366897173;-19.11646103807483
0.355;-0.05327589482032378;-19.017101192800055
0.36;-0.1476194363695249;-18.681248665013268
0.365;-0.23970279746684553;-18.114143143445855
0.37;-0.3283887896382042;-17.323882129904774
0.375;-0.41258762127779;-16.32130731692594
0.38;-0.4912702720095231;-15.119857271906914
0.385;-0.5634810407034225;-13.735388394366035
0.39;-0.6283491251061122;-12.185966587353146
0.395;-0.6850990909389649;-10.491632301471215
0.4;-0.7330601088345075;-8.674142047480947
0.405;-0.7716738448380991;-6.756689662494912
0.41000000000000003;-0.8005009156297296;-4.763610938243973
0.41500000000000004;-0.819225831150533;-2.720075303022316
0.42;-0.827660373132325;-0.6517685295222994
0.425;-0.8257453718964773;1.4154296012044103
0.43;-0.8135508678761381;3.4557685977027255
0.435;-0.7912746623464969;5.443947513535454
0.44;-0.7592392829495884;7.35542816565501
0.445;-0.7178874084966264;9.166737454152944
0.45;-0.6677758177171695;10.855755059769692
0.455;-0.6095679416236571;12.401982978539554
0.46;-0.544025127967981;13.786793787048417
0.465;-0.471996710378253;14.993654230416919
0.47000000000000003;-0.3944090355169345;16.008321826525002
0.47500000000000003;-0.3122535988141701;16.819012826124418
0.48;-0.22657434766222892;17.416536502365243
0.485;-0.13845449524801076;17.794399438090398
0.49;-0.04900282707219733;17.94887400363018
0.495;0.04066022528104702;17.879032398466403
0.5;0.12941659708480327;17.586745713897862
0.505;0.2161645078424037;17.07664817368282
0.51;0.29983212068420495;16.356067044154475
0.515;0.3793907562600558;15.434919327587759
0.52;0.45386752063706653;14.325576660019363
0.525;0.5223571759657096;13.042700208981183
0.53;0.5840331181092476;11.60304780028045
0.535;0.6381573239334191;10.025255768216299
0.54;0.6840891514659393;8.329598384664488
0.545;0.7212928868843754;6.537727952866107
0.55;0.7493439510380737;4.672398889372018
0.555;0.7679336943024964;2.7571792417271284
0.56;0.7768727210230693;0.8161536266617949
0.5650000000000001;0.7760927228807093;-1.1263794262755757
0.5700000000000001;0.7656467847030587;-3.0462109055066926
0.5750000000000001;0.7457081847445524;-4.91952275277469
0.58;0.7165676977916198;-6.723182752664825
0.585;0.6786294483895832;-8.435029713116466
0.59;0.6324053724474894;-10.034145152133007
0.595;0.57850835028442;-11.501108712391664
0.6;0.517644128110464;-12.818233003598415
0.605;0.45060210719843896;-13.969776457028356
0.61;0.3782451397827469;-14.942130608097113
0.615;0.3014984442931683;-15.723980366619918
0.62;0.22133780345615678;-16.30643467656004
0.625;0.13877718050680332;-16.68312642121791
0.63;0.05485591581212162;-16.850280502808268
0.635;-0.029374335372756195;-16.806749311251345
0.64;-0.112862760872801;-16.55401532420017
0.645;-0.19457247985067805;-16.096160883564487
0.65;-0.27349340009157286;-15.439805638202067
0.655;-0.348654679752494;-14.594013002623118
0.66;-0.4191366535508837;-13.570166067222868
0.665;-0.48408205916876207;-12.381815560692788
0.67;-0.5427064386045436;-11.04450135126672
0.675;-0.5943075910296196;-9.575549845893939
0.68;-0.6382739514085289;-7.993850235747517
0.685;-0.6740918046321339;-6.3196122059746695
0.6900000000000001;-0.7013512530319378;-4.574108167355389
0.6950000000000001;-0.7197508575906177;-2.7794035290940124
0.7000000000000001;-0.7291009085110944;-0.9580782637947701
0.705;-0.7293252937177339;0.8670567708123555
0.71;-0.7204619376752879;2.6732450181481524
0.715;-0.702661820725443;4.438067544741776
0.72;-0.6761865936190165;6.139720819571446
0.725;-0.6414048235938747;7.757285637518066
0.73;-0.5987869253801088;9.270983806579345
0.735;-0.5488988458241331;10.66241947043822
0.74;-0.49239458632856814;11.914802140981827
0.745;-0.4300076617895997;13.013148726280168
0.75;-0.3625416067710845;13.944462144156898
0.755;-0.29085965173824707;14.69788439128027
0.76;-0.21587370223521615;15.264822274188168
0.765;-0.1385327591877141;15.639044379229734
0.77;-0.05981092927794;15.816748167876346
0.775;0.01930482252444024;15.796596506807038
0.78;0.09782702712386475;15.57972332843533
0.785;0.17478001672880658;15.169708479193003
0.79;0.24921202810611354;14.572522203772431
0.795;0.32020695025801643;13.796440128012605
0.8;0.3868955920472433;12.851929777928184
0.805;0.4484662867220559;11.751510457738146
0.81;0.5041747561170457;10.509588096528027
0.8150000000000001;0.5533530805929592;9.142267342127052
0.8200000000000001;0.5954176807758018;7.667143333240864
0.8250000000000001;0.6298762121101039;6.103075827882451
0.8300000000000001;0.6563332917149619;4.4699485794997615
0.835;0.6744949934965618;2.7884169416933564
0.84;0.6841720507263432;1.079647414747695
0.845;0.6852817572108146;-0.6349487881104012
0.85;0.6778485151010746;-2.3339833207590006
0.855;0.6620030558672891;-3.9963571661468573
0.86;0.6379803363571838;-5.601522215018992
0.865;0.6061161462658663;-7.129734826725195
0.87;0.5668424749825258;-8.562298203538829
0.875;0.5206817028483701;-9.881790585248329
0.88;0.4682396773731863;-11.072277094712993
0.885;0.41019780776755865;-12.119500847424124
0.89;0.34730423096911633;-13.01105365623048
0.895;0.2803641956975611;-13.736522124407204
0.9;0.2102297703252467;-14.287608634637825
0.905;0.13778902038453572;-14.658225300502288
0.91;0.06395478401446164;-14.844559865741688
0.915;-0.010346812597513369;-14.845113066900982
0.92;-0.08418795257737816;-14.66070697889051
0.925;-0.15665069614110147;-14.294464456109628
0.93;-0.226838373051226;-13.751759951822187
0.935;-0.2938866596611712;-13.040142398030646
0.9400000000000001;-0.3569742016734047;-12.169231696803855
0.9450000000000001;-0.41533265877476844;-11.15058938001974
0.9500000000000001;-0.46825603875742844;-9.997566034229402
0.9550000000000001;-0.5151092151001989;-8.725126955350428
0.96;-0.5553355259597972;-7.349658427984513
0.965;-0.5884633578401784;-5.888757277840294
0.97;-0.6141116414043082;-4.361006257188901
0.975;-0.631994197340269;-2.785738057672232
0.98;-0.6419228771637167;-1.1827911325187204
0.985;-0.6438094690960429;0.42773971240356534
0.99;-0.6376663532694153;2.0257548746428737
0.995;-0.6236058974527511;3.591400367116079
1.0;-0.6018386101283305;5.105314073668742
1.0050000000000001;-0.5726700814969061;6.548864830041783
1.01;-0.5364967510209262;7.90438125761271
1.0150000000000001;-0.49380056207358336;9.155367648570182
1.02;-0.4451425770308869;10.286704269613956
1.025;-0.391155633475991;11.284829574088477
1.03;-0.3325361387573415;12.137902217440102
1.035;-0.27003511037747696;12.835940932061161
1.04;-0.20444857448120365;13.370940578836871
1.045;-0.13660744975518213;13.7369630167773
1.05;-0.06736703501771497;13.930201951726556
1.055;0.002403750947052981;13.94902077612662
1.06;0.0718332611785705;13.793963320756598
1.065;0.140057988369375;13.46773730872635
1.07;0.20623328919429662;12.975171017750483
1.075;0.2695438244442592;12.323143617927782
1.08;0.3292135830331361;11.520490317786985
1.085;0.3845153804210748;10.577883573603703
1.09;0.43477969495151675;9.507691928181153
1.095;0.47940275691202305;8.323818305653521
1.1;0.5178537752513102;7.04151996614215
1.105;0.5496812242698884;5.6772124112348505
1.11;0.5745181189500225;4.248259604708599
1.115;0.5920862049018738;2.7727535217106962
1.12;0.6021990358151497;1.269285336567219
1.125;0.6047638810291506;-0.24328830280164682
1.1300000000000001;0.5997824651308133;-1.7460814560527016
1.135;0.5873505246885502;-3.220414308220001
1.1400000000000001;0.567656195928441;-4.648044986790066
1.145;0.5409772583981929;-6.011394883976972
1.1500000000000001;0.5076772738895172;-7.2937647063713085
1.155;0.4682006729789385;-8.479538588834595
1.16;0.4230668620870724;-9.554373907143335
1.165;0.37286341075007295;-10.505374183057269
1.17;0.31823842882885633;-11.321243303857692
1.175;0.2598922359853254;-11.992419576203178
1.18;0.19856836507186976;-12.511186110997587
1.185;0.13504414540971524;-12.87175962265289
1.19;0.0701208507067401;-13.07035359861834
1.195;0.004613610788760943;-13.105216526927798
1.2;-0.06065880679424174;-12.976644635894731
1.205;-0.12488421235840302;-12.68696909541697
1.21;-0.1872670893143793;-12.240517880892705
1.215;-0.24703842398879627;-11.643552927523821
1.22;-0.30346517288551395;-10.904183503019418
1.225;-0.3558592334358162;-10.032256909879736
1.23;-0.4035858171636501;-9.039228062180971
1.235;-0.44607112041269886;-7.938009585220066
1.24;-0.4828092023351006;-6.742804417835558
1.245;-0.5133679839491415;-5.46892312869139
1.25;-0.5373943026209052;-4.13258821602831
1.2550000000000001;-0.554617961098484;-2.7507278857803423
1.26;-0.5648547225448722;-1.3407620060681809
1.2650000000000001;-0.5680082224752644;0.0796171071005145
1.27;-0.5640707774525546;1.4926663143481287
1.2750000000000001;-0.5531230852586279;2.8808129988545224
1.28;-0.5353328252403612;4.22687321518799
1.285;-0.5109521806082634;5.51426405230282
1.29;-0.48031432046746936;6.727207534047294
1.295;-0.4438288886213831;7.8509235719011805
1.3;-0.40197654353013085;8.871810282320013
1.305;-0.35530268486175526;9.777606626166207
1.31;-0.3044103378851796;10.55754104753865
1.315;-0.24995239997364596;11.202457733858173
1.32;-0.1926232786663603;11.704924108563175
1.325;-0.13315005491480725;12.059315551603648
1.33;-0.07228327905718196;12.261877350830858
1.335;-0.010787515090274084;12.310763302155955
1.34;0.050568248615959;12.206050015103942
1.345;0.11102019845978202;11.949727532543681
1.35;0.16981919056889022;11.545665890076025
1.355;0.22624001770613644;10.999558575787736
1.36;0.27959033878355416;10.318843433263254
1.365;0.3292191581949958;9.512602226893833
1.37;0.3745247509315763;8.59144007173258
1.375;0.41496194033043043;7.567346623498757
1.3800000000000001;0.4500486393287837;6.4535404766400575
1.385;0.4793715738987837;5.264298959111534
1.3900000000000001;0.5025911242606842;4.014775550936783
1.395;0.5194452305154179;2.7208071915403016
1.4000000000000001;0.5297523096003438;1.3987138870230154
1.405;0.5334131573913439;0.06509322806950424
1.41;0.5304118194404671;-1.2633876283010725
1.415;0.5208154180094082;-2.5701999326534497
1.42;0.5047729415571558;-3.8391586577310153
1.425;0.48251303021330394;-5.054622618777453
1.43;0.4543407658530073;-6.201686925053838
1.435;0.42063353136232506;-7.266365392276609
1.44;0.3818359864775918;-8.235760699431358
1.445;0.33845422752506205;-9.09822021132557
1.45;0.29104920637900505;-9.843475563929934
1.455;0.24022950151466035;-10.462764568036828
1.46;0.1866435181630124;-10.948933526175116
1.465;0.13097123305841704;-11.296519197739173
1.47;0.07391558183812728;-11.501809229158171
1.475;0.01619360676761676;-11.562881387784188
1.48;-0.041472564632214035;-11.47961782858118
1.485;-0.09836471048005488;-11.253699995902544
1.49;-0.1537774597064615;-10.888579194406793
1.495;-0.20702701936085724;-10.389425685249218
1.5;-0.2574596004726313;-9.763056540762525
1.5050000000000001;-0.3044594285131754;-9.017843408959816
1.51;-0.34745624440407163;-8.163601283729655
1.5150000000000001;-0.38593220870514716;-7.211459758514289
1.52;-0.41942811791301254;-6.173718505683622
1.5250000000000001;-0.44754886482928846;-5.06368881085445
1.53;-0.4699680748916238;-3.895523211346094
1.5350000000000001;-0.4864318659756873;-2.6840354149967744
1.54;-0.4967616879703558;-1.444512784333534
1.545;-0.5008562112545614;-0.19252375629551355
1.55;-0.49869224459143696;1.0562773874359561
1.555;-0.4903246752705154;2.2863459454357096
1.56;-0.4758854369802312;3.4824399330954066
1.565;-0.4555815223342881;4.62980868464562
1.57;-0.4296920690334917;5.714374430672282
1.575;-0.3985645599808968;6.722904691930733
1.58;-0.36261018910254916;7.643173368137293
1.585;-0.3222984538137451;8.464108571458178
1.59;-0.2781510454751567;9.175925425971563
1.595;-0.23073511659345053;9.77024223340433
1.6;-0.18065601187558114;10.240178644113069
1.605;-0.12854955604029206;10.580434696545462
1.61;-0.07507399443355925;10.787349738905474
1.615;-0.020901693886080264;10.858940778803865
1.62;0.03328929823953715;10.794919704414403
1.625;0.08682372765099171;10.596689273701138
1.6300000000000001;0.139037532814543;10.26731810556337
1.635;0.18928606928086605;9.811495057411504
1.6400000000000001;0.23695205483391554;9.235463527221343
1.645;0.28145313743295786;8.546936719183174
1.6500000000000001;0.32224899566412035;7.754995037740338
1.655;0.3588478832684787;6.8699668308548
1.6600000000000001;0.39081253867452587;5.903294123394803
1.665;0.41776538802830243;4.867385063593894
1.67;0.4393929864736785;3.775455085337441
1.675;0.45544963583121745;2.641358680378741
1.68;0.46576014318372805;1.479413822484951
1.685;0.4702216895470478;0.30422160177552793
1.69;0.46880478650564794;-0.8695170951501288
1.695;0.46155331802005006;-2.0271849626498555
1.7;0.44858366579954306;-3.154430241127721
1.705;0.43008293540640796;-4.237344207906528
1.71;0.4063063096586289;-5.262632526271158
1.715;0.3775735662583601;-6.217778177546594
1.72;0.3442648039911835;-7.091193867409761
1.725;0.30681543937301775;-7.8723623216801
1.73;0.26571053392421073;-8.551962503412026
1.735;0.22147852924643274;-9.121980407574522
1.74;0.1746844706253014;-9.57580310204339
1.745;0.12592280184201618;-9.908294838184105
1.75;0.07580982984324865;-10.11585446842093
1.7550000000000001;0.02497594680265474;-10.196453449154562
1.76;-0.025942285676904278;-10.14965410713541
1.7650000000000001;-0.07631009573593911;-9.976607990443334
1.77;-0.12550240157627843;-9.680034430821213
1.7750000000000001;-0.17291155644656753;-9.264179667177439
1.78;-0.2179548413382598;-8.734757128029285
1.7850000000000001;-0.26008161396199125;-8.098869704301444
1.79;-0.298780026459614;-7.364915045490149
1.795;-0.33358322935799606;-6.542475158173677
1.8;-0.36407498690202444;-5.64219174203172
1.805;-0.389894637228218;-4.675628878579919
1.81;-0.4107413377810684;-3.6551248493697397
1.815;-0.4263775504272325;-2.593634823472403
1.82;-0.43663170949971014;-1.5045669451686288
1.825;-0.44140007250344393;-0.40161310513210763
1.83;-0.4406477083595063;0.7014229231406627
1.835;-0.4344086254443732;1.7907979347517533
1.84;-0.4227850399138701;2.853000255365827
1.845;-0.40594579755281407;3.8749170421943515
1.85;-0.3841239733993581;4.843995889118041
1.855;-0.3576136803024339;5.748398706264609
1.86;-0.3267661339644701;6.577146041968579
1.865;-0.29198502034193685;7.320250022819807
1.87;-0.2537212326552796;7.968834373100694
1.875;-0.21246704476979167;8.515240096073434
1.8800000000000001;-0.16874979048091648;8.953115398500287
1.885;-0.1231251363245931;9.277488880406889
1.8900000000000001;-0.07617004566799472;9.484826084418705
1.895;-0.028475462371168648;9.573065625784096
1.9000000000000001;0.019361079953940322;9.541639562813218
1.905;0.0667429475019524;9.39147343055632
1.9100000000000001;0.11308183243145091;9.124968027129546
1.915;0.15780504812876045;8.745962886355228
1.92;0.20036259346977167;8.25968205781549
1.925;0.2402339018881997;7.672662851400332
1.93;0.27693419948103054;6.992668508903536
1.935;0.31002038274575455;6.228586019778415
1.94;0.3390963542847713;5.390310381582232
1.945;0.36381774769099706;4.488616818634547
1.95;0.3838959874514279;3.5350226012657755
1.955;0.39910163503750734;2.5416402485450558
1.96;0.4092669839348317;1.5210239557808185
1.965;0.4142878735181408;0.4860112104912747
1.97;0.4141247033697194;-0.5504384153107
1.975;0.4088026384981087;-1.5754052760084378
1.98;0.39841100716389194;-2.5761704045888325
1.985;0.38310190160873275;-3.5403731328802897
1.99;0.36308799974851264;-4.456163778032969
1.995;0.33863965191020323;-5.312348065752089
2.0;0.3100812497749169;-6.0985249252666565
2.005;0.2777869442319521;-6.805211523209614
2.0100000000000002;0.24217576473059002;-7.42395797354815
2.015;0.20370619409614046;-7.9474475951036085
2.02;0.16287028398324055;-8.369583259927875
2.025;0.1201873717781506;-8.685557775054722
2.0300000000000002;0.0761974902316128;-8.891908098461496
2.035;0.03145454569178266;-8.986552450283591
2.04;-0.01348064469379831;-8.968810093611019
2.045;-0.0580473708229104;-8.83940356741115
2.05;-0.10169201549083198;-8.60044341474533
2.055;-0.14387491984647718;-8.255395715929813
2.06;-0.18407704522089277;-7.809032836961297
2.065;-0.22180634777764438;-7.267368141435622
2.07;-0.25660378812426393;-6.63757553234373
2.075;-0.2880489037431138;-5.92789490251479
2.08;-0.31576487539561243;-5.147524714774238
2.085;-0.3394230279592082;-4.3065031319329545
2.09;-0.3587467060168774;-3.415579093860061
2.095;-0.3735144960665065;-2.486075425813789
2.1;-0.38356273334650043;-1.5297450598903852
2.105;-0.38878728586943734;-0.5586227503655214
2.11;-0.38914458438587024;0.41512619575976917
2.115;-0.38465189539042566;1.379358039283266
2.12;-0.3753868353354631;2.322101755491978
2.125;-0.36148613363091564;3.2317075058197298
2.13;-0.34314366543573355;4.096990274927843
2.1350000000000002;-0.32060778128628065;4.907367188583722
2.14;-0.29417796985039935;5.652986685447914
2.145;-0.26420089808692326;6.324847956936486
2.15;-0.23106588200207975;6.914909342859101
2.1550000000000002;-0.1951998454037026;7.416184209772039
2.16;-0.15706183308999697;7.822823295718575
2.165;-0.11713714870505447;8.13018252451466
2.17;-0.07593119033186013;8.33487547699924
2.1750000000000003;-0.033963064516245825;8.434809974642773
2.18;0.008240942560024046;8.429208371193797
2.185;0.050153954213962945;8.318611376029459
2.19;0.09125507018813335;8.10486543446148
2.195;0.1310358302921106;7.791093895622379
2.2;0.16900649356667802;7.381652401315131
2.205;0.20470205644568668;6.882069120150751
2.21;0.23768793603434965;6.298970638788179
2.215;0.26756524892660716;5.639994498165612
2.22;0.2939756213695052;4.913689529854773
2.225;0.3166054738185947;4.129405274372687
2.23;0.33518972787412843;3.297171921929922
2.235;0.34951489240081185;2.4275723128856437
2.24;0.35942149294611353;1.5316076460157055
2.245;0.3648058202540356;0.6205583981927585
2.25;0.36562096794112064;-0.2941572211259574
2.255;0.3618771683549478;-1.2011263013182438
2.2600000000000002;0.35364140852739956;-2.089083385511486
2.265;0.3410363425536365;-2.9470501601239087
2.27;0.3242385149211444;-3.7644709544457764
2.275;0.3034759201631331;-4.531342357899236
2.2800000000000002;0.27902493306048476;-5.238335400074278
2.285;0.2512066488321647;-5.876908761066654
2.29;0.2203826841241607;-6.4394116914845885
2.295;0.1869504894317893;-6.91917533282206
2.3000000000000003;0.1513382383056316;-7.310591448857868
2.305;0.11399935568559834;-7.6091775725628406
2.31;0.07540675535154834;-7.8116278223334845
2.315;0.036046859826816775;-7.915848637674412
2.32;-0.003586511443829083;-7.920980391755204
2.325;-0.04299835353547273;-7.827400732651701
2.33;-0.08169861041117446;-7.636716317921518
2.335;-0.11920829072242667;-7.3517360836010335
2.34;-0.15506536823271724;-6.9764314400533465
2.345;-0.18883047054714375;-6.515881375168528
2.35;-0.22009224943382105;-5.9762043094119575
2.355;-0.24847238112101672;-5.3644772155899965
2.36;-0.2736301332197748;-4.688643159874264
2.365;-0.2952664412895815;-3.9574084855757574
2.37;-0.31312744959491867;-3.1801309271215175
2.375;-0.32700747191284674;-2.3667001169312694
2.38;-0.336751339377982;-1.5274119952930476
2.3850000000000002;-0.34225610820913516;-0.6728387283008679
2.39;-0.34347210955032326;0.18630426311290188
2.395;-0.3404033303665683;1.0392924930451741
2.4;-0.33310712391993585;1.8755258961309982
2.4050000000000002;-0.3216932574153515;2.68466051336635
2.41;-0.3063223117255337;3.4567361954703664
2.415;-0.28720345176933;4.182298919999553
2.42;-0.264591605210555;4.852516374445448
2.4250000000000003;-0.23878408180100077;5.459285211682047
2.43;-0.21011667996204697;5.995328757949704
2.435;-0.17895933067415462;6.454283973160806
2.44;-0.14571133705420605;6.830776662371123
2.445;-0.11079626809927151;7.120484025229501
2.45;-0.07465657309758209;7.320183818254287
2.455;-0.03774798476575589;7.427789588983914
2.46;-0.0005337818763677428;7.4423716015885955
2.465;0.03652101620189051;7.364163259449799
2.47;0.07295545113450377;7.194553015582812
2.475;0.10831835066342965;6.936061913521725
2.48;0.14217390624637266;6.592307136699857
2.485;0.17410703390580656;6.1679519881235585
2.49;0.20372845354571448;5.668643217840957
2.495;0.23067942418367765;5.100936225421362
2.5;0.2546360768308786;4.472209325064393
2.505;0.2753132937094071;3.790568167740196
2.5100000000000002;0.2924680889015799;3.064741510657884
2.515;0.3059024467787198;2.3039696649876125
2.52;0.3154655878740644;1.5178870917639042
2.525;0.3210556380622693;0.7164006181660685
2.5300000000000002;0.3226206791075743;-0.0904352156688385
2.535;0.32015917052140713;-0.8925440938259595
2.54;0.31371974978351985;-1.6799535370819292
2.545;0.3034003952251849;-2.4429187262643772
2.5500000000000003;0.28934699004016956;-3.172042870511999
2.555;0.27175128894203154;-3.8583927384894383
2.56;0.2508483247738689;-4.493607893009712
2.565;0.22691328732880345;-5.070002291095247
2.57;0.20025791526191358;-5.5806570422731365
2.575;0.17122644921065397;-6.019503186048952
2.58;0.14019119773852748;-6.381393512498586
2.585;0.10754777326593924;-6.66216256444739
2.59;0.07371005970936657;-6.858674186864465
2.595;0.039104974087615825;-6.96885599931765
2.6;0.00416708904684818;-6.991720445217246
2.605;-0.030666814979351604;-6.927372178964826
2.61;-0.06496320186439572;-6.777002490976899
2.615;-0.09829717273250446;-6.542868228767539
2.62;-0.13025770645553408;-6.228260489793393
2.625;-0.16045273351759;-5.837458011489619
2.63;-0.18851392852935334;-5.375669857242914
2.6350000000000002;-0.21410119552695595;-4.8489662421558934
2.64;-0.2369067792201549;-4.264199082125317
2.645;-0.2566589539659116;-3.628913161937156
2.65;-0.27312525120005743;-2.9512489787397267
2.6550000000000002;-0.2861151774731367;-2.2398387217457323
2.66;-0.29548240225023314;-1.5036965024995124
2.665;-0.30112638325419605;-0.7521043508391608
2.67;-0.3029934154876234;0.005504663387223441
2.6750000000000003;-0.30107708998878235;0.7596645146332812
2.68;-0.295418164739399;1.500994457500173
2.685;-0.28610384474717965;2.2203154258346847
2.69;-0.2732664890799211;2.9087635343157485
2.695;-0.25708175998699706;3.557899095965992
2.7;-0.23776624085172618;4.159809884460655
2.705;-0.2155745555237547;4.707207338068166
2.71;-0.19079602700103673;5.19351462930839
2.715;-0.16375091654409932;5.6129453988682965
2.72;-0.1347862944918119;5.960572264068999
2.725;-0.10427160543969272;6.232384713092683
2.73;-0.0725939452945126;6.4253343417086635
2.735;-0.04015317943654498;6.537369066084032
2.74;-0.0073568962245258735;6.567454108143712
2.745;0.025384705257515343;6.515580315344728
2.75;0.05766393848177172;6.3827596979092975
2.755;0.08908069611399377;6.171008276273775
2.7600000000000002;0.11924740183982448;5.883316485850423
2.765;0.14779378328663773;5.523607565726139
2.77;0.17437140833700482;5.096684517711408
2.775;0.19865792842630023;4.608166341008802
2.7800000000000002;0.2203609785531067;4.06441438062936
2.785;0.23922168587508824;3.4724497638919654
2.79;0.2550177453100162;2.839862992504871
2.795;0.26756602904773624;2.1747167425091405
2.8000000000000003;0.27672468764803443;1.4854434371012315
2.805;0.28239473687775507;0.780738483084031
2.81;0.2845210997932146;0.06945072900911381
2.815;0.2830930963332929;-0.6395284432438001
2.82;0.27814437844370676;-1.3373760937167871
2.825;0.2697523126256146;-2.0154473353785414
2.83;0.25803682120211185;-2.6653822546854835
2.835;0.24315869808420232;-3.2792087888831136
2.84;0.22531742373306482;-3.849440331248958
2.845;0.20474850639718525;-4.369166832114625
2.85;0.1817203876625985;-4.832138327766018
2.855;0.1565309490183256;-5.232839802707549
2.86;0.1295036775239044;-5.566556861911347
2.865;0.1009835058168106;-5.829430522857762
2.87;0.0713324306947771;-6.01850170000642
2.875;0.04092492467581495;-6.131744069065849
2.88;0.010143213715689464;-6.1680850979659985
2.8850000000000002;-0.0206275199749373;-6.127415154340838
2.89;-0.051003949577235974;-6.010584583882925
2.895;-0.08060937145123684;-5.819388831367981
2.9;-0.10907836891827996;-5.556541853205203
2.9050000000000002;-0.1360613146828759;-5.225638205810537
2.91;-0.16122865640765188;-4.831104331277971
2.915;-0.18427493306897103;-4.378139695850533
2.92;-0.2049224732261523;-3.8726485598635536
2.9250000000000003;-0.2229247305579978;-3.3211632710638415
2.93;-0.238069216479878;-2.730760083446237
2.935;-0.2501799966096728;-2.108968537148817
2.94;-0.25911971908547066;-1.4636756301180283
2.945;-0.26479115150396726;-0.8030260234838174
2.95;-0.26713821631138795;-0.13531935680749888
2.955;-0.26614650476769297;0.5310938549904285
2.96;-0.2618432713351946;1.1879164779821716
2.965;-0.25429690690924706;1.8270078852506186
2.97;-0.2436159037566727;2.4404846891828864
2.975;-0.2299473248966644;3.0208178150056435
2.98;-0.2134747992557234;3.5609247205495445
2.985;-0.19441607169413302;4.054255654620761
2.99;-0.17302013680645198;4.494872873796796
2.995;-0.149563997770928;4.877521897609269
3.0;-0.12434909015664619;5.197693927387934
3.005;-0.09769741546863918;5.451678600485653
3.0100000000000002;-0.06994744659713065;5.636607060970216
3.015;-0.041449818933988816;5.750483263236848
3.02;-0.012562923775278937;5.792205435803455
3.025;0.016351596820787517;5.761575740215623
3.0300000000000002;0.04493337012141625;5.659298651398135
3.035;0.0728277777564081;5.486968149163345
3.04;0.09969034747445739;5.247043906385739
3.045;0.12519099997642497;4.942816777862343
3.0500000000000003;0.1490180970549628;4.578364090122634
3.055;0.17088224210307523;4.158495332481267
3.06;0.19051978645544165;3.688688968217504
3.065;0.2076959993417927;3.1750211927025
3.0700000000000003;0.22220786337726264;2.6240875622546076
3.075;0.233886462473097;2.0429185019025002
3.08;0.24259893420007686;1.4388897727353096
3.085;0.248249964092957;0.8196290514457132
3.09;0.2507828072037653;0.1929196722029074
3.095;0.25017981832420916;-0.43339682418267533
3.1;0.24646250414738993;-1.0515188766346752
3.105;0.23969107458945638;-1.6537817830271386
3.11;0.2299635243865829;-2.2327526664873147
3.115;0.21741424017580369;-2.7813219935997027
3.12;0.20221216619653876;-3.2927907420264786
3.125;0.18455854356052626;-3.76095201546352
3.13;0.16468425993786465;-4.180166189470838
3.1350000000000002;0.14284683992326322;-4.545428638662438
3.14;0.11932711814516454;-4.852429261065999
3.145;0.09442563589708619;-5.097603077585588
3.15;0.06845880899495846;-5.278171322717772
3.1550000000000002;0.041754914525793475;-5.3921725580665
3.16;0.014649948036240054;-5.4384834622126705
3.165;-0.012516597225370234;-5.416829087270615
3.17;-0.03940597569930965;-5.327782498658745
3.1750000000000003;-0.06568440651981494;-5.17275385147347
3.18;-0.09102721016586918;-4.953969085453413
3.185;-0.11512281288245732;-4.674438552469097
3.19;-0.1376765702392031;-4.33791600941238
3.1950000000000003;-0.15841436259830183;-3.948848532236544
3.2;-0.1770859184505543;-3.5123180233170266
3.205;-0.19346782666667178;-3.0339750560828094
3.21;-0.20736620054080732;-2.5199659235168417
3.215;-0.218618960819996;-1.9768538640636775
3.22;-0.22709771343788482;-1.4115354277244947
3.225;-0.23270919874805807;-0.8311530638471507
3.23;-0.23539629723539282;-0.243004996996537
3.235;-0.23513857825613776;0.3455462746394989
3.24;-0.23195239339037732;0.9271661501881678
3.245;-0.22589050671250285;1.4946390887258696
3.25;-0.21704127578866156;2.0409580136034395
3.255;-0.2055273916376855;2.5594106725208925
3.2600000000000002;-0.19150419811685931;3.043661911708511
3.265;-0.17515760937526068;3.4878309965864913
3.27;-0.15670165009292986;3.8865631016175524
3.275;-0.13637568506721223;4.2350927019844145
3.2800000000000002;-0.11444129649095497;4.5293018161888305
3.285;-0.0911789472924832;4.7657669679318895
3.29;-0.0668843900742574;4.9417998511010355
3.295;-0.04186491906422066;5.0554768136168615
3.3000000000000003;-0.01643548945671352;5.105659840970293
3.305;0.009085241823378266;5.092006980794587
3.31;0.03437890167162207;5.01497320392822
3.315;0.05913136712356894;4.875801100096056
3.3200000000000003;0.08303665964912914;4.676501879402707
3.325;0.10580072079297376;4.419826936995454
3.33;0.12714502311979492;4.109230232792199
3.335;0.1468099709978732;3.7488221286981798
3.34;0.16455805017308264;3.343315251947475
3.345;0.18017668886009702;2.897963091201169
3.35;0.1934807947282391;2.418492133495138
3.355;0.20431493834540929;1.9110284011581025
3.36;0.2125551573281389;1.3820193439790267
3.365;0.21811036023696037;0.8381520787339634
3.37;0.22092331526885467;0.2862690053280622
3.375;0.22097121190031713;-0.2667181393790947
3.38;0.21826579148441883;-0.8139147054522872
3.3850000000000002;0.2128530462633971;-1.3485289506373752
3.39;0.204812495200999;-1.863956203360639
3.395;0.19425604205410996;-2.3538603169717502
3.4;0.18132643706761783;-2.812251413000658
3.4050000000000002;0.16619536088473907;-3.233558964159395
3.41;0.1490611559082364;-3.612699311740641
3.415;0.13014623901079128;-3.9451368954359323
3.42;0.10969421807506505;-4.226938227466445
3.4250000000000003;0.08796676507663276;-4.4548182479342024
3.43;0.06524027611935448;-4.626178388162676
3.435;0.04180236081277;-4.73913585632239
3.44;0.017948208718953487;-4.79254390495009
3.4450000000000003;-0.006023121171685599;-4.786002822496886
3.45;-0.029812444609501054;-4.719861619056397
3.455;-0.05312417999623997;-4.595210297632187
3.46;-0.07567001460259072;-4.413862958804627
3.465;-0.09717246523065388;-4.178332040863076
3.47;-0.11736828665112856;-3.891793835755722
3.475;-0.13601168702188932;-3.5580459405765197
3.48;-0.15287731272945343;-3.1814572018729157
3.485;-0.16776296942647606;-2.7669108368078414
3.49;-0.1804920274273648;-2.319740968332672
3.495;-0.19091551775950605;-1.8456645674111583
3.5;-0.19891386025527608;-1.350708220005993
3.505;-0.20439822448175884;-0.8411318340429916
3.5100000000000002;-0.2073114978583689;-0.3233495049289774
3.515;-0.20762885621003396;0.19615104761885116
3.52;-0.2053579288946722;0.7108896430773737
3.525;-0.20053855895999637;1.2144743488317178
3.5300000000000002;-0.19324216313963977;1.7006807085155062
3.535;-0.1835707006957965;2.163528598503202
3.54;-0.17165526713940207;2.5973555740444274
3.545;-0.15765433103854204;2.9968860274113944
3.5500000000000003;-0.14175163749014597;3.357295195114569
3.555;-0.12415380568410925;3.674267266405759
3.56;-0.10508765281850646;3.94404688290755
3.565;-0.08479727790291955;4.163483409427388
3.5700000000000003;-0.06354094354039014;4.330067502897195
3.575;-0.041587794860246594;4.441959509969134
3.58;-0.019214457731819626;4.498009400980244
3.585;0.0032984411568683404;4.497768020491633
3.59;0.025669788509830305;4.441489556579579
3.595;0.04762148901319342;4.330125256228083
3.6;0.06888191685099948;4.165308379214773
3.605;0.08918927075606237;3.949330919136406
3.61;0.10829479159771649;3.685112046728539
3.615;0.125965804608619;3.376158958016214
3.62;0.14198854596665303;3.0265205372915687
3.625;0.15617074084112817;2.640734535909963
3.63;0.1683439050729028;2.2237687831531945
3.6350000000000002;0.17836533664808663;1.7809574218756732
3.64;0.1861197784520743;1.3179328217747144
3.645;0.19152073294974808;0.8405540428541588
3.65;0.19451141088020388;0.35483284774084356
3.6550000000000002;0.1950653058509134;-0.13314188505087776
3.66;0.1931863900463909;-0.6172803732068003
3.665;0.18890892891264663;-1.0915677946481064
3.67;0.18229691830330916;-1.5501389193803157
3.6750000000000003;0.1734431551783697;-1.987350486306196
3.68;0.16246795249190868;-2.3978505421839
3.685;0.14951751762789953;-2.7766438148199364
3.69;0.13476201519205863;-3.119152359454564
3.6950000000000003;0.11839334000809477;-3.4212707342086683
3.7;0.10062262933642932;-3.6794150418671916
3.705;0.08167754644937494;-3.890565254087908
3.71;0.061799370441972847;-4.052300322548235
3.715;0.04123992909785741;-4.162825672491959
3.72;0.02025841450078728;-4.2209927630303925
3.725;-0.0008818790915119563;-4.226310514736444
3.73;-0.021916854062429166;-4.1789484950043025
3.735;-0.04258490342245832;-4.079731857354
3.74;-0.06263015908437301;-3.930128135307256
3.745;-0.08180565414444807;-3.7322260917350394
3.75;-0.09987636006465588;-3.4887069177787247
3.755;-0.11662206131559213;-3.202808186973698
3.7600000000000002;-0.1318400341882711;-2.878281061427499
3.765;-0.14534749309216066;-2.5193412205697716
3.77;-0.156983780269402;-2.1306142985764973
3.775;-0.1666122685892067;-1.7170764138448131
3.7800000000000002;-0.1741219530485671;-1.283990552414667
3.785;-0.17942872438084848;-0.8368398087079446
3.79;-0.18247629492705017;-0.3812580440727109
3.795;-0.18323677556361467;0.0770409794761949
3.8000000000000003;-0.18171089673511354;0.5323351415945355
3.805;-0.17792787160651394;0.9789652936485218
3.81;-0.1719449053785685;1.4114054515077012
3.815;-0.16384635645147974;1.8243311867094087
3.8200000000000003;-0.15374256537297096;2.212684864560389
3.825;-0.14176836433937703;2.5717375636647812
3.83;-0.1280812871455381;2.8971465800162313
3.835;-0.11285950551377451;3.185007706990361
3.84;-0.0962995175073964;3.431902019976519
3.845;-0.0786136167895833;3.6349362212627696
3.85;-0.060027178040573365;3.7917764081679883
3.855;-0.040775789804623166;3.900674609713795
3.86;-0.021102274347382325;3.9604879785300113
3.865;-0.0012536296894288465;3.970690317588093
3.87;0.018522066321392878;3.931375886936646
3.875;0.037978751801202304;3.8432554613416694
3.88;0.056875437375617933;3.707644722387549
3.8850000000000002;0.0749791860908941;3.5264451673123767
3.89;0.09206797974217999;3.3021178009705796
3.895;0.10793343565979323;3.037649976023467
3.9;0.12238334353137764;2.7365158510890764
3.9050000000000002;0.13524398663374967;2.4026308951498945
3.91;0.14636222438852267;2.040301157213815
3.915;0.15560731023219151;1.6541678955816086
3.92;0.1628724149451279;1.2491481564884805
3.9250000000000003;0.1680758570096457;0.8303724045140916
3.93;0.17116200591830116;0.40311959614442916
3.935;0.17210185869313005;-0.02724925528720129
3.94;0.1708932827115444;-0.45535823414183685
3.9450000000000003;0.16756092236677136;-0.8758835701288714
3.95;0.16215577271822776;-1.2836197174084178
3.955;0.15475442627494748;-1.673543727523521
3.96;0.14545800428752773;-2.040877020761351
3.9650000000000003;0.13439078751747743;-2.3811437333521144
3.97;0.12169856542376123;-2.6902251963487434
3.975;0.10754672275929983;-2.9644096920991547
3.98;0.09211809190161876;-3.20043683862263
3.985;0.07561059696805976;-3.3955362236706867
3.99;0.058234720465051196;-3.5474597030241
3.995;0.04021082524147439;-3.6545071072529405
4.0;0.021766364466555027;-3.715544966275702
4.005;0.0031330161374140027;-3.730018103599791
4.01;-0.015456222045372217;-3.697953972807017
4.015;-0.03376994163278647;-3.6199597222977915
4.0200000000000005;-0.05158119950011615;-3.497212039681114
4.025;-0.06867032554607487;-3.3314399670409176
4.03;-0.08482762669674021;-3.1249008163918663
4.035;-0.09985595558149558;-2.8803497885414995
4.04;-0.11357310967856366;-2.601003407059962
4.045;-0.12581403656963053;-2.2904973260841395
4.05;-0.1364328124815627;-1.9528392159771912
4.055;-0.1453043747987884;-1.5923571718098424
4.0600000000000005;-0.15232598841043857;-1.2136443148977345
4.065;-0.15741842518867902;-0.8215004053106012
4.07;-0.16052684609521728;-0.42087114115207
4.075;-0.16162137569340052;-0.01678587309187962
4.08;-0.16069736384994307;0.38570544436817256
4.085;-0.15777532998895405;0.781595247392641
4.09;-0.1529005949337056;1.1659805451560432
4.095;-0.1461426072108211;1.534123585495226
4.1;-0.13759396887807868;1.881510106167704
4.105;-0.12736917790341343;2.203904607094149
4.11;-0.11560310589461566;2.4974018561122793
4.115;-0.10244922460925256;2.7584740866835826
4.12;-0.08807761235542326;2.984013257028301
4.125;-0.07267276024401685;3.171367905315496
4.13;-0.05643120934030424;3.318374146164391
4.135;-0.03955904837970557;3.423380452891368
4.14;-0.02226930313553524;3.485265952050404
4.1450000000000005;-0.004779251732062014;3.5034520126162247
4.15;0.012692301624389645;3.477907049466163
4.155;0.029927759556041197;3.409144464716294
4.16;0.04671343703198524;3.2982138141804263
4.165;0.06284220648630781;3.1466853557190078
4.17;0.07811604904501264;2.9566281556176137
4.175;0.09234848127910723;2.7305820848957505
4.18;0.1053668253208809;2.4715240284801325
4.1850000000000005;0.1170143060105202;2.182829056044043
4.19;0.1271519193992458;1.8682261218675462
4.195;0.13566009849014993;1.5317505930591728
4.2;0.14244010939015073;1.1776922209055452
4.205;0.14741519072018414;0.8105407201222956
4.21;0.1505314112601729;0.4349288942923738
4.215;0.15175824021065606;0.055574281252879276
4.22;0.151088823143194;-0.32277999679450664
4.225;0.14853996176319634;-0.695424451681746
4.23;0.14415179896015307;-1.057741745011195
4.235;0.13798721455205618;-1.405263809507697
4.24;0.13013094039712786;-1.7337268503007455
4.245;0.12068840720058312;-2.0391235565230517
4.25;0.10978433912772416;-2.317751868626807
4.255;0.0975611117137388;-2.566259810312486
4.26;0.0841769018158314;-2.781685583856482
4.265;0.06980364522293243;-2.961492788670034
4.2700000000000005;0.054624833509767684;-3.103600114842848
4.275;0.038833175472504505;-3.2064052495644106
4.28;0.02262815557145033;-3.2688027153649744
4.285;0.00621351831647507;-3.2901954004009775
4.29;-0.010205289272944226;-3.270499739919382
4.295;-0.026423684932613288;-3.2101444681225377
4.3;-0.04224049629529861;-3.110062991218054
4.305;-0.05746045201018915;-2.9716794922914334
4.3100000000000005;-0.07189658839693149;-2.7968890190018847
4.315;-0.0853725415679233;-2.58803175458431
4.32;-0.09772469765708143;-2.3478618795190025
4.325;-0.1088041745314003;-2.079511423620749
4.33;-0.11847861070029926;-1.7864495383815262
4.335;-0.12663374065007427;-1.4724377714485004
4.34;-0.13317473831436716;-1.141481915964494
4.345;-0.1380273113065789;-0.7977809927297529
4.3500000000000005;-0.14113853460133713;-0.4456740726433674
4.355;-0.14247741519716098;-0.08958560332218413
4.36;-0.14203518016669503;0.26603010494609336
4.365;-0.13982528764208169;0.6167445031074055
4.37;-0.13588315788763702;0.9582098798574716
4.375;-0.13026563618286818;1.286213147663289
4.38;-0.12305018746681771;1.5967277537136022
4.385;-0.11433384008619064;1.8859629978342263
4.39;-0.10423188906102633;2.1504102221977215
4.3950000000000005;-0.09287637848232287;2.3868852571436507
4.4;-0.08041438134177012;2.5925666514817065
4.405;-0.06700610033305116;2.765029205680181
4.41;-0.0528228130993934;2.9022724183189412
4.415;-0.03804468885362104;3.0027435096225092
4.42;-0.022858504043182334;3.0653547787301765
4.425;-0.007455285946014874;3.0894950889920048
4.43;0.00797208667266569;3.0750353377003403
4.4350000000000005;0.02323129447880729;3.0223278839559096
4.44;0.03813297200602255;2.932200229322567
4.445;0.05249305374147388;2.8059421242171214
4.45;0.06613504213066154;2.6452878630150733
4.455;0.0788921746448159;2.452392542059974
4.46;0.0906094570832593;2.2298033383500115
4.465;0.10114554263429897;1.9804260091461492
4.47;0.1103744318100839;1.7074871051108924
4.4750000000000005;0.11818697376601364;1.4144923368669353
4.48;0.12449215120911697;1.1051816486447574
4.485;0.12921813335668136;0.7834815785800398
4.49;0.13231308531937389;0.45345550454228845
4.495;0.13374572467085882;0.11925240754288999
4.5;0.13350561950135775;-0.21494520297036257
4.505;0.13160322535476146;-0.5449735499825836
4.51;0.1280696617339931;-0.8667393913290521
4.515;0.12295623207013832;-1.1762706684705695
4.5200000000000005;0.1163336947399916;-1.4697654884761886
4.525;0.10829129447587191;-1.7436387266363644
4.53;0.09893556806630764;-1.9945657246314912
4.535;0.08838893972725703;-2.219522545814812
4.54;0.07678812499857977;-2.4158223128343463
4.545;0.06428236355903257;-2.5811471778954624
4.55;0.05103150408607178;-2.7135755559607015
4.555;0.0372039651607915;-2.81160429650326
4.5600000000000005;0.022974598752181573;-2.8741655469154175
4.565;0.008522483016349253;-2.9006381116659505
4.57;-0.005971327690428508;-2.8908531996394706
4.575;-0.0203260675596991;-2.845094507750621
4.58;-0.034363509824270576;-2.7640926661616363
4.585;-0.047910176327965785;-2.6490141475986255
4.59;-0.06079947761814197;-2.5014447821542793
4.595;-0.07287375780704183;-2.3233681317676433
4.6000000000000005;-0.08398621893391735;-2.117139000644367
4.605;-0.09400270108932192;-1.8854524326265656
4.61;-0.10280329841013604;-1.6313086408423518
4.615;-0.11028379045935284;-1.3579742634529561
4.62;-0.11635686595302662;-1.068940393221492
4.625;-0.1209531398642267;-0.7678781888792147
4.63;-0.12402193673994896;-0.4585922944675619
4.635;-0.1255318380016276;-0.1449728314711966
4.64;-0.125470987645853;0.16905344567548164
4.6450000000000005;-0.12384715275043665;0.47957223576131014
4.65;-0.12068753911548681;0.7827304038068473
4.655;-0.11603836589128642;1.0747836889439935
4.66;-0.10996420396782329;1.352142963714014
4.665;-0.10254708989087269;1.6114181750437175
4.67;-0.09388542738619433;1.849459592937201
4.675;-0.08409268621015299;2.06339625280722
4.68;-0.07329592197346137;2.2506702026014818
4.6850000000000005;-0.06163413313132576;2.4090671859326416
4.69;-0.04925647471689411;2.536742551683531
4.695;-0.036320355753787774;2.6322426723930783
4.7;-0.022989440584138286;2.6945212719803426
4.705;-0.009431582072969584;2.722950651973595
4.71;0.0041832882355972816;2.7173276557316517
4.715;0.017685287033170967;2.6778742792372094
4.72;0.030906695061681172;2.605233034269414
4.7250000000000005;0.04368403748820466;2.5004570562032318
4.73;0.05586010161697247;2.3649951491139594
4.735;0.06728586749696147;2.200671970795792
4.74;0.07782232828646446;2.0096636236587013
4.745;0.08734217736060382;1.7944689758151293
4.75;0.09573134220847579;1.5578770828657176
4.755;0.10289034657636999;1.3029311430153385
4.76;0.10873548487415705;1.032889454676729
4.765;0.11319979481975145;0.7511838579723262
4.7700000000000005;0.1162338157673021;0.4613761824309094
4.775;0.11780612918116413;0.16711333988716104
4.78;0.1179036676291776;-0.1279185445663493
4.785;0.11653179673232458;-0.42004020094592737
4.79;0.11371416547810055;-0.7056250404312463
4.795;0.10949233034568358;-0.9811440968106079
4.8;0.1039251572571698;-1.2432095702023718
4.805;0.0970880113220864;-1.4886163901835938
4.8100000000000005;0.08907174407283006;-1.7143813375610595
4.815;0.0799814924588009;-1.9177792329331325
4.82;0.06993530510628079;-2.096375725934731
4.825;0.059062614039307876;-2.2480563265797504
4.83;0.04750257135596321;-2.371051337188648
4.835;0.0354022718474461;-2.463956348713328
4.84;0.022914885049604258;-2.525748114452371
4.845;0.010197719973835735;-2.555795597568506
4.8500000000000005;-0.0025897536853991873;-2.5538660801368867
4.855;-0.015287901684468686;-2.520126288636199
4.86;-0.027738915107716377;-2.4551385324717745
4.865;-0.03978876819406211;-2.359851933924058
4.87;-0.05128912062248421;-2.2355888767444227
4.875;-0.062099140248014224;-2.084026864904028
4.88;-0.0720872242177318;-1.907176038499639
4.885;-0.08113259747411741;-1.7073526440434217
4.89;-0.08912676933898517;-1.4871488091023608
4.8950000000000005;-0.09597483031325565;-1.24939901619728
4.9;-0.10159657384913695;-0.9971437071256567
4.905;-0.10592743007915374;-0.7335904827286359
4.91;-0.10891920052765171;-0.46207339475259324
4.915;-0.1105405856169052;-0.18601084237708948
4.92;-0.11077749978022072;0.0911374326756873
4.925;-0.10963316818466934;0.36591353931289555
4.93;-0.10712801159735977;0.6349045962287898
4.9350000000000005;-0.10329931422558869;0.8947850298331199
4.94;-0.09820068405943715;1.1423576154722035
4.945;-0.09190131222908374;1.3745927441077386
4.95;-0.08448504101989718;1.5886654098898352
4.955;-0.0760492543696318;1.7819895034032465
4.96;-0.06670360380588236;1.9522489619022074
4.965;-0.05656858770794602;2.0974254222844513
4.97;-0.04577400165600633;2.2158220408183182
4.9750000000000005;-0.0344572796332669;2.3060831975530016
4.98;-0.022761747694407402;2.367209864218587
4.985;-0.010834812003168456;2.3985704597891573
4.99;0.0011738959730657767;2.3999070800860394
4.995;0.013114393615802019;2.3713370422901017
5.0;0.02483821733834058;2.31334975156184
5.005;0.036200265923335445;2.226798938596977
5.01;0.047060594790471734;2.1128903776849444
5.015;0.05728613047039754;1.9731653532508755
5.0200000000000005;0.06675230277110766;1.8094799319522221
5.025;0.07534455723642122;1.6239804693041957
5.03;0.08295974847903935;1.4190753591858094
5.035;0.08950735543949857;1.1974041578024837
5.04;0.09491056387917443;0.9618034998130837
5.045;0.09910716174083892;0.7152709236464752
5.05;0.10205024697285679;0.4609267816264717
5.055;0.10370874490157769;0.2019748326619964
5.0600000000000005;0.1040677245166006;-0.058338052638261084
5.065;0.10312851282948114;-0.3167625407768503
5.07;0.10090860302314594;-0.5700873222543568
5.075;0.09744136797269015;-0.8151789536935881
5.08;0.09277557192390229;-1.0490205548042935
5.085;0.08697469359034538;-1.2687488958414803
5.09;0.08011607479129197;-1.4716892128864194
5.095;0.07228988484176659;-1.655388083497935
5.1000000000000005;0.06359794933640969;-1.8176426136914257
5.105;0.054152424453911815;-1.9565269128891356
5.11;0.04407435757731355;-2.0704149368928713
5.115;0.03349213460403087;-2.1579992937431816
5.12;0.022539848610897813;-2.2183060908075536
5.125;0.011355606692148409;-2.250705673955701
5.13;7.978971622797648e-05;-2.254918907441614
5.135;-0.01114670690168941;-2.2310190747766994
5.14;-0.0221842313600344;-2.179429387292032
5.1450000000000005;-0.03289610937080676;-2.1009161616214813
5.15;-0.043150333298223875;-1.9965777397970017
5.155;-0.05282118680849817;-1.8678293213178885
5.16;-0.06179078273251183;-1.716383915234884
5.165;-0.0699504962888257;-1.5442296585369195
5.17;-0.07720228053322484;-1.3536039015037769
5.175;-0.08345983508919586;-1.1469640511759611
5.18;-0.08864963241100934;-0.9269561059034919
5.1850000000000005;-0.09271177703332058;-0.6963808241415401
5.19;-0.09560069012184097;-0.4581581238156975
5.195;-0.0972856135313623;-0.21529016945508433
5.2;-0.0977509270051836;0.029176393916569204
5.205;-0.09699627524534374;0.2721885988045638
5.21;-0.09503650421200781;0.5107252193108697
5.215;-0.09190140844625781;0.7418342613683102
5.22;-0.08763529278776094;0.9626695025966556
5.2250000000000005;-0.08229635576310818;1.1705253415351689
5.23;-0.07595590295322516;1.362870001084092
5.235;-0.06869739968477748;1.5373762478293211
5.24;-0.06061537681337153;1.691949485018001
5.245;-0.05181420382218746;1.8247528197716922
5.25;-0.04240674435203102;1.9342287792206625
5.255;-0.03251291231249941;2.0191174826504144
5.26;-0.022258146273913336;2.078471005503167
5.265;-0.011771821919906065;2.1116637969184655
5.2700000000000005;-0.0011856227353293346;2.1183990369591976
5.275;0.00936811106660249;2.0987108684538067
5.28;0.019758034277518717;2.0529624946917293
5.285;0.029855428739201526;1.9818401935254855
5.29;0.03953579530610318;1.8863432841184173
5.295;0.04868038611627431;1.7677703435434833
5.3;0.05717765829646292;1.6277016548567935
5.305;0.06492463193198546;1.4679782675199022
5.3100000000000005;0.07182813472417396;1.2906778902424436
5.315;0.07780591857266424;1.0980879719543903
5.32;0.08278763659898511;0.8926762259128782
5.325;0.08671566572606433;0.6770591083047607
5.33;0.08954576768598513;0.4539685601959373
5.335;0.09124758121411349;0.22621743343792822
5.34;0.09180493794563639;-0.0033359022117095405
5.345;0.0912160002539244;-0.23182337249493365
5.3500000000000005;0.08949322072437377;-0.45640298593804307
5.355;0.0866631232049116;-0.6742941156713091
5.36;0.08276590901633513;-0.8828118829113203
5.365;0.07785489574660807;-1.0794001659713721
5.37;0.07199579385598422;-1.2616628835100856
5.375;0.06526583305650686;-1.427393127638865
5.38;0.057752748524617294;-1.5745998184602303
5.385;0.0495536409822146;-1.7015315473085286
5.39;0.04077372509927799;-1.8066973281703829
5.3950000000000005;0.03152498243250336;-1.888884012780098
5.4;0.021924736005812642;-1.9471701648297297
5.405;0.01209416475154819;-1.980936238907885
5.41;0.002156776530534844;-1.9898709513708526
5.415;-0.007763141057838886;-1.973973783838358
5.42;-0.017542072662612904;-1.9335536061718137
5.425;-0.027058810531068494;-1.869223434867893
5.43;-0.03619595460657394;-1.7818914653583995
5.4350000000000005;-0.044841357987051404;-1.6727484101128678
5.44;-0.05288950102575262;-1.543251423850786
5.445;-0.060242776002371004;-1.3951047420724492
5.45;-0.06681266794277263;-1.2302373543036016
5.455;-0.07252081971480906;-1.0507780230259363
5.46;-0.0772999561343835;-0.8590276976986115
5.465;-0.08109467881923185;-0.6574302681877412
5.47;-0.08386210179262216;-0.4485414012109847
5.4750000000000005;-0.08557232951440996;-0.23499620547649092
5.48;-0.08620877141143657;-0.01947603797596137
5.485;-0.08576828938735524;0.19532509968856226
5.49;-0.08426117685685554;0.40673418662994953
5.495;-0.08171097057172512;0.6121323892350723
5.5;-0.07815409863215228;0.8089874233945764
5.505;-0.073639367545576;0.9948848612516106
5.51;-0.06822730125886275;1.1675574031911098
5.515;-0.061989333426344426;1.324912734195554
5.5200000000000005;-0.055006868747199796;1.4650587024109156
5.525;-0.047370224469793;1.5863259884367087
5.53;-0.039177465578684276;1.6872879691962575
5.535;-0.03053314775366085;1.7667773387789107
5.54;-0.021546986565544175;1.8238995554493715
5.545;-0.01233246676777139;1.8580427277529705
5.55;-0.0030054120496137704;1.868884000462316
5.555;0.006317468666449111;1.85639228082125
5.5600000000000005;0.015520039368551466;1.8208273156140469
5.565;0.02448818104112105;1.7627351680874035
5.57;0.033111204757911246;1.6829401353653937
5.575;0.041283215374229645;1.5825332337251465
5.58;0.04890440938202048;1.4628574154862262
5.585;0.05588229136284059;1.3254897136529717
5.59;0.06213279374077035;1.1722205526623748
5.595;0.0675812865410707;1.0050304837671138
5.6000000000000005;0.0721634650459594;0.8260646602396772
5.605;0.07582610505020969;0.6376053824824383
5.61;0.07852767659530507;0.44204304705373854
5.615;0.08023880848388577;0.24184587245792366
5.62;0.08094260132705114;0.03952882536911345
5.625;0.08063478129876372;-0.16237794884288415
5.63;0.07932369765150551;-0.36136069995864634
5.635;0.07703016201849819;-0.5549533282437094
5.64;0.07378713369811311;-0.7407678936567337
5.6450000000000005;0.0696392546325047;-0.9165240223848208
5.65;0.06464224127481409;-1.0800768317851355
5.655;0.05886214089653936;-1.2294430527225013
5.66;0.052374462635815036;-1.3628250202985195
5.665;0.04526319445298819;-1.4786322382431498
5.67;0.03761971892083572;-1.5755002721222247
5.675;0.02954164180612081;-1.6523067432242082
5.68;0.021131547841768603;-1.708184229931836
5.6850000000000005;0.012495700867213232;-1.7425299371593996
5.69;0.003742703082579574;-1.7550120262817785
5.695;-0.0050178682279033646;-1.7455725403403364
5.7;-0.013676830409950784;-1.7144269042852656
5.705;-0.02212675393857679;-1.6620600209058205
5.71;-0.030263293096413006;-1.5892190269069222
5.715;-0.037986472258188846;-1.4969028145999
5.72;-0.045201912003768004;-1.3863484626688982
5.7250000000000005;-0.05182198002644971;-1.259014760679457
5.73;-0.05776685279791775;-1.1165630437887266
5.735;-0.06296547532226415;-0.9608355914533999
5.74;-0.0673564073647584;-0.7938318682202974
5.745;-0.07088854513902619;-0.6176829008890121
5.75;-0.07352171550645545;-0.4346241802336135
5.755;-0.07522712141389105;-0.24696726230671354
5.76;-0.07598765475849881;-0.05707070463199786
5.765;-0.07579805632564969;0.13268955705292243
5.7700000000000005;-0.07466492806230907;0.3199498864172331
5.775;-0.072606597881991;0.5023883430833468
5.78;-0.06965283913061078;0.6777534231283036
5.785;-0.06584444853467632;0.8438917973258284
5.79;-0.061232688879320464;0.9987746955120553
5.795;-0.0558786033045998;1.1405226432539235
5.8;-0.04985221085229923;1.2674282204931324
5.805;-0.0432315949782983;1.3779765072497998
5.8100000000000005;-0.036101894353322;1.4708631544536774
5.815;-0.028554210255425153;1.5450096883612527
5.82;-0.02068444520686854;1.5995759287876632
5.825;-0.01259208653963739;1.6339694050698998
5.83;-0.004378951014179289;1.647851615096914
5.835;0.0038520940914927746;1.6411411257531145
5.84;0.011998417408708053;1.6140134319983805
5.845;0.019958901134882995;1.5668976249595847
5.8500000000000005;0.027635193977492905;1.5004699106313335
5.855;0.03493292431227538;1.4156440928094869
5.86;0.04176285811020527;1.3135591213717706
5.865;0.04804198787437749;1.1955638986877914
5.87;0.05369453907181285;1.0631995323182197
5.875;0.05865288183010156;0.9181792834788697
5.88;0.06285833732520694;0.7623664450963564
5.885;0.06626186885236289;0.5977504637717561
5.89;0.06882464973936607;0.4264215886155113
5.8950000000000005;0.07051850161613575;0.25054437743064717
5.9;0.07132619788780505;0.07233039811141731
5.905;0.07124162952042183;-0.10598953559918234
5.91;0.0702698316120088;-0.28219324357003184
5.915;0.0684268708351455;-0.4540948291162974
5.92;0.06573959610694997;-0.6195717491579433
5.925;0.062245255947451755;-0.7765909771654549
5.93;0.05799098793870364;-0.9232339340367961
5.9350000000000005;0.05303318733259592;-1.057719880132677
5.94;0.047436763138639024;-1.1784274874618716
5.945;0.04127429143864748;-1.2839143284100385
5.95;0.03462507690399702;-1.3729340488586332
5.955;0.02757413470561545;-1.4444510217117879
5.96;0.020211105812051395;-1.4976523079791284
5.965;0.012629119678229439;-1.5319567957897762
5.97;0.004923618076625916;-1.5470214012273749
5.9750000000000005;-0.002808844248152559;-1.5427442857501186
5.98;-0.010471807474307628;-1.519265044352592
5.985;-0.017970108084730218;-1.476961892607356
5.99;-0.02521105866821424;-1.4164458779609408
5.995;-0.032105592088096706;-1.3385522486783643
6.0;-0.03856935411616321;-1.2443290302863836
6.005;-0.044523734642947864;-1.1350230158184522
6.01;-0.04989682017492365;-1.0120633615783756
6.015000000000001;-0.054624260446662784;-0.8770429542806297
6.0200000000000005;-0.05865003441163456;-0.7316979176103146
6.025;-0.06192711916308358;-0.5778851041607589
6.03;-0.06441802461333392;-0.417558695174202
6.035;-0.06609522468117215;-0.2527452807561665
6.04;-0.06694145358864115;-0.08551829688035464
6.045;-0.06694987547217658;0.0820279517472934
6.05;-0.06612412466833217;0.24780460309113472
6.055;-0.06447821106062789;0.4097541048703165
6.0600000000000005;-0.0620363010029468;0.5658757936418951
6.065;-0.05883237026624194;0.7142505444132315
6.07;-0.05490973704507178;0.8530643085469893
6.075;-0.05032048131672653;0.9806302366336294
6.08;-0.04512475432985799;1.0954091894711238
6.085;-0.039389999250563856;1.1960281161661068
6.09;-0.03319006872946622;1.2812966422667929
6.095;-0.026604284657578508;1.3502208827342934
6.1000000000000005;-0.019716421736452182;1.4020150191264047
6.105;-0.012613644808176568;1.4361101866420765
6.11;-0.005385407671004926;1.4521606116435812
6.115;0.0018776736907897204;1.4500467890204458
6.12;0.009084952098917083;1.4298761066461898
6.125;0.016146880292563743;1.3919804512837934
6.13;0.0229761214146645;1.3369110660727626
6.135;0.02948862756981331;1.2654306924239653
6.140000000000001;0.03560467231232669;1.1785031411207656
6.1450000000000005;0.04124982402152707;1.0772803794004249
6.15;0.04635585094327063;0.9630873235348832
6.155;0.050861541664941605;0.8374045993372512
6.16;0.05471343707993328;0.7018493989874482
6.165;0.05786646399587982;0.5581546650685806
6.17;0.06028445762040657;0.40814700151110805
6.175;0.06194057152433009;0.2537235490428279
6.18;0.06281757162649905;0.09682798493324815
6.1850000000000005;0.06290800749617056;-0.060573896657123205
6.19;0.06221426236560679;-0.21651869085999614
6.195;0.060748478908012424;-0.36907001839778064
6.2;0.05853236439542492;-0.516342358828631
6.205;0.05559687772070741;-0.6565243849897674
6.21;0.051981802237581316;-0.7879011960334746
6.215;0.047735210603060796;-0.9088752395212467
6.22;0.042912830662332827;-1.0179856854433662
6.2250000000000005;0.0375773131701249;-1.1139260836405334
6.23;0.03179742392215755;-1.19555985863554
6.235;0.0256471572757544;-1.2619337271577027
6.24;0.019204795661929924;-1.312288921259226
6.245;0.012551905996462678;-1.3460694802345756
6.25;0.005772316822925386;-1.3629284818031946
6.255;-0.0010489389271839383;-1.3627313817446725
6.26;-0.007826688478937508;-1.3455567475473356
6.265000000000001;-0.014476681096550637;-1.3116943222038986
6.2700000000000005;-0.020916634000510977;-1.2616404578983786
6.275;-0.02706724876263388;-1.1960910311075192
6.28;-0.032853184866827104;-1.115931872523025
6.285;-0.038203982381462435;-1.0222268760209954
6.29;-0.043054916469781865;-0.9162039686365817
6.295;-0.04734777844229166;-0.7992390733580277
6.3;-0.051031573544746224;-0.6728383098813745
6.305;-0.054063123738097504;-0.5386185918505761
6.3100000000000005;-0.05640756857105089;-0.39828707827012827
6.315;-0.05803876477616114;-0.25361944094405625
6.32;-0.05893957122693919;-0.10643745654200451
6.325;-0.059102023483044164;0.04141387790872657
6.33;-0.05852739286051755;0.18808950503760338
6.335;-0.05722612739012848;0.33176721303746987
6.34;-0.05521768206694652;0.47067028665815097
6.345;-0.05253023589858282;0.6030894235855315
6.3500000000000005;-0.04920030183347808;0.7274037321208693
6.355;-0.04527223471688339;0.8421005317159743
6.36;-0.04079764332409337;0.9457937079535581
6.365;-0.03583471704656475;1.0372404605419168
6.37;-0.03044746754891795;1.1153560777964728
6.375;-0.02470490841297651;1.1792267902778013
6.38;-0.01868017236905541;1.2281203921728288
6.385;-0.012449581411219787;1.2614945440875853
6.390000000000001;-0.006091681661863869;1.2790026839500166
6.3950000000000005;0.00031374507205242505;1.2804974725660592
6.4;0.006686680840811298;1.2660317402659982
6.405;0.012947869643396084;1.235856934865497
6.41;0.01901980129638402;1.1904191030422089
6.415;0.02482766958528766;1.1303524627471906
6.42;0.030300292031827488;1.0564706637901473
6.425;0.035370981031622124;0.9697558375083641
6.43;0.039978350114529;0.8713457014598482
6.4350000000000005;0.044067067236933724;0.7625184806582146
6.44;0.04758850387382598;0.6446765660439525
6.445;0.050501316808562416;0.5193283851356887
6.45;0.05277193084324275;0.3880691611154507
6.455;0.054374922112078325;0.2525606461127799
6.46;0.05529329773806527;0.11451011524738561
6.465;0.05551867036106199;-0.024351106597953268
6.47;0.05505132481706813;-0.16228930701242408
6.4750000000000005;0.053900174853039974;-0.2975900336336484
6.48;0.052082616771169835;-0.428579351231314
6.485;0.049624261032339544;-0.5536444277612481
6.49;0.04655860256884042;-0.6712535414230302
6.495;0.042926545364263;-0.7799746343355844
6.5;0.0387758685345435;-0.8784928163605925
6.505;0.03416059982282918;-0.9656261542974142
6.51;0.029140314611782542;-1.040339844171871
6.515000000000001;0.02377936945443676;-1.1017584681922474
6.5200000000000005;0.018146075995755212;-1.1491761131781688
6.525;0.012311835040693875;-1.1820644623076668
6.53;0.006350232816710677;-1.200078593295341
6.535;0.00033611400393585445;-1.2030604447518036
6.54;-0.005655356619885602;-1.1910399269716467
6.545;-0.011549632024326004;-1.164233760816383
6.55;-0.017273708200047637;-1.123041897749702
6.555;-0.022757028018349407;-1.068041739148575
6.5600000000000005;-0.027932348471089437;-0.9999801508017732
6.565;-0.03273656396048511;-0.9197633947239603
6.57;-0.03711147193838528;-0.8284451800240076
6.575;-0.04100448382458045;-0.7272127429066888
6.58;-0.0443692453229702;-0.6173716002303377
6.585;-0.04716619125554804;-0.5003286852809998
6.59;-0.049363008301537496;-0.377574390685855
6.595;-0.05093500379654702;-0.25066360808704263
6.6000000000000005;-0.05186538017078777;-0.12119608020375072
6.605;-0.052145408825723216;0.009203734542275042
6.61;-0.05177450292569267;0.1389070112123763
6.615;-0.05076018429989246;0.2663008578955182
6.62;-0.04911796411305939;0.3898083578493333
6.625;-0.04687111075349073;0.5079080868756867
6.63;-0.04405031095053631;0.6191527482818936
6.635;-0.04069327019858479;0.7221869193941447
6.640000000000001;-0.036844207998061936;0.8157635222932125
6.6450000000000005;-0.03255327561482382;0.8987588899054054
6.65;-0.02787590534490647;0.9701861794356762
6.655;-0.022872097955457214;1.0292070961652953
6.66;-0.017605652839243056;1.0751416492556034
6.665;-0.012143357113946868;1.1074759320526615
6.67;-0.0065541400448445525;1.1258677753342232
6.675;-0.0009082046234476318;1.1301502442967952
6.68;0.004723852852411569;1.1203329498910393
6.6850000000000005;0.010271923982301348;1.0966011109783875
6.69;0.015667259448041492;1.0593125073300982
6.695;0.02084331958431854;1.0089922029078378
6.7;0.025736593995963404;0.9463253050995797
6.705;0.030287378495770265;0.8721476709113292
6.71;0.034440502861022834;0.7874348586302846
6.715;0.038145997141223485;0.6932893184772692
6.72;0.041359691773479236;0.5909261143466115
6.7250000000000005;0.044043741451459624;0.48165726729878966
6.73;0.046167068666408635;0.3668749838655819
6.735;0.04770572094368368;0.2480339520417232
6.74;0.0486431365972336;0.12663293348056098
6.745;0.04897031961407005;0.004195901404179997
6.75;0.048685915053821006;-0.11774706560164208
6.755;0.04779619634202005;-0.2376788697665462
6.76;0.04631495028540129;-0.3541142380490224
6.765000000000001;0.044263270882845644;-0.4656180903416316
6.7700000000000005;0.04166926620033771;-0.5708232027739868
6.775;0.03856767615076936;-0.6684469293962331
6.78;0.03499940778268554;-0.7573067936790805
6.785;0.031011000138003897;-0.8363347811035929
6.79;0.02665402036667263;-0.9045901456849899
6.795;0.021984397191919105;-0.9612705611719614
6.8;0.017061704851413808;-1.0057214872962033
6.805;0.01194840497610218;-1.0374436723946647
6.8100000000000005;0.0067090552750004966;-1.0560986910382342
6.815;0.0014094957383408567;-1.0615124240589433
6.82;-0.003883977145020708;-1.0536765023536685
6.825;-0.00910543861458887;-1.0327476835461422
6.83;-0.014190155286752064;-0.9990451426449447
6.835;-0.01907538625600705;-0.9530457783598597
6.84;-0.023701156158252766;-0.8953775782578096
6.845;-0.028010989794345596;-0.8268111029392377
6.8500000000000005;-0.031952600151640254;-0.7482492566046467
6.855;-0.035478521546029776;-0.6607154554353767
6.86;-0.03854667900076356;-0.5653403250805581
6.865;-0.04112088850417227;-0.46334714188190174
6.87;-0.04317128201977956;-0.35603618361810635
6.875;-0.04467465079657091;-0.2447681764458738
6.88;-0.045614704968108495;-0.13094707649295975
6.885;-0.04598224615909941;-0.016002386333988455
6.890000000000001;-0.04577524837541192;0.09862877149936086
6.8950000000000005;-0.044998853725309214;0.21151958639775342
6.9;-0.04366527741545032;0.32127129650908925
6.905;-0.04179362510912562;0.4265305216783039
6.91;-0.039409613473327616;0.5260058698456084
6.915;-0.03654523077329686;0.618483769774521
6.92;-0.03323830914867858;0.7028432563200259
6.925;-0.029532024388573098;0.778069517586694
6.93;-0.025474335143998432;0.8432660511024066
6.9350000000000005;-0.02111736497862017;0.8976653249986193
6.94;-0.016516733176244847;0.9406377485701819
6.945;-0.011730846810129814;0.9716989202962593
6.95;-0.00682016028769932;0.990514987274261
6.955;-0.001846413362265784;0.9969061694286973
6.96;0.0031281443187396642;0.9908482690229297
6.965;0.008041530600440093;0.9724723249988956
6.97;0.012832801866800577;0.9420622378537515
6.9750000000000005;0.01744280821868392;0.9000506020686462
6.98;0.02181492178199396;0.847012601656103
6.985;0.025895731702592035;0.7836582561848887
6.99;0.029635694305887746;0.7108229273929896
6.995;0.03298973430122408;0.6294563943170076
7.0;0.03591778504120613;0.5406104706644387
7.005;0.038385266918150376;0.4454254793282767
7.01;0.04036349203809584;0.34511562021637127
7.015000000000001;0.04182999712969054;0.24095353767422018
7.0200000000000005;0.0427687937919158;0.1342541837734174
7.025;0.04317054069372558;0.026358261253516382
7.03;0.0430326277119071;-0.08138460451833637
7.035;0.04235918065551315;-0.18763271326692066
7.04;0.0411609809393322;-0.2910689733263576
7.045;0.03945529949482174;-0.39041720820211323
7.05;0.03726565423364944;-0.48445789134346084
7.055;0.03462148258909907;-0.5720430304751096
7.0600000000000005;0.03155775699911595;-0.6521102023134977
7.065;0.02811452123517322;-0.7236953879356445
7.07;0.024336368142436907;-0.7859445494833747
7.075;0.020271864601292534;-0.838123778358536
7.08;0.015972928433271333;-0.8796278970319579
7.085;0.011494166727780586;-0.9099874435944332
7.09;0.006892183132340341;-0.9288738884480033
7.095;0.0022248641466937;-0.9361031225046077
7.1000000000000005;-0.002449348088416057;-0.9316370934592089
7.105;-0.007072186292424922;-0.9155836246251521
7.11;-0.01158628332224387;-0.8881944419137353
7.115;-0.015935882742043266;-0.8498613654948401
7.12;-0.020067526513007302;-0.801110829591986
7.125;-0.023930710640883337;-0.7425967065948211
7.13;-0.02747850108347521;-0.6750915929432908
7.135;-0.030668103131436048;-0.5994766679810507
7.140000000000001;-0.03346137529159059;-0.5167302084264253
7.1450000000000005;-0.03582528457821374;-0.42791498700844205
7.15;-0.037732294667069635;-0.33416464064238766
7.155;-0.03916068453953176;-0.23666923516517885
7.16;-0.0400947937311459;-0.1366601893043325
7.165;-0.04052518935703279;-0.03539474102226901
7.17;-0.0404487562125419;0.06585982547100558
7.175;-0.039868707621949474;0.16584201530166237
7.18;-0.03879451925317536;0.26331181297446793
7.1850000000000005;-0.037241779475500704;0.35706604040663215
7.19;-0.035231968821252235;0.4459531855370779
7.195;-0.032792168872246244;0.5288875273310409
7.2;-0.02995469560216781;0.604862337113458
7.205;-0.026756674756079884;0.6729620876425352
7.21;-0.023239559968696113;0.73237345883919
7.215;-0.01944859521646459;0.782395004745153
7.22;-0.0154322344495866;0.8224454056865815
7.2250000000000005;-0.011241523657613672;0.8520701591537206
7.23;-0.00692945339361423;0.8709466893340764
7.235;-0.0025502896954932457;0.8788877749002002
7.24;0.0018411076063228138;0.875843268557664
7.245;0.006189971023006137;0.8619001262350695
7.25;0.010442307437694073;0.8372806986073325
7.255;0.014545567209831467;0.80233935720837
7.26;0.018449292685757568;0.7575575040758304
7.265000000000001;0.022105737276418232;0.703536988624807
7.2700000000000005;0.025470448304211513;0.6409920813100917
7.275;0.028502806401506167;0.5707400771488017
7.28;0.031166513993852632;0.4936906404577672
7.285;0.033430028726197325;0.4108340713670327
7.29;0.0352669350411755;0.32322860154682975
7.295;0.03665625015914988;0.23198690546275497
7.3;0.037582661900423205;0.13826200033059716
7.305;0.03803669320257741;0.04323269360384391
7.3100000000000005;0.03801479477823562;-0.051911213424815285
7.315;0.03751936381633863;-0.14598379827999458
7.32;0.036558686023072336;-0.23781778002758056
7.325;0.03514680637324398;-0.32627897798669825
7.33;0.03330332924523809;-0.4102802982968687
7.335;0.03105314834613148;-0.4887950571781327
7.34;0.02842611405499679;-0.5608695173318115
7.345;0.02545663810956839;-0.6256344276133995
7.3500000000000005;0.022183246011112677;-0.682315499328464
7.355;0.018648077057986143;-0.7302426006873105
7.36;0.014896344700351396;-0.7688576764805478
7.365;0.010975758260123017;-0.797721158025558
7.37;0.006935918408620502;-0.8165169575356611
7.375;0.0028276899494788675;-0.8250558111434536
7.38;-0.0012974370389506155;-0.823277121563227
7.385;-0.005387991905212454;-0.8112490862859474
7.390000000000001;-0.009393164415852405;-0.7891672809980993
7.3950000000000005;-0.013263434680789032;-0.7573516932662666
7.4;-0.016951184532222576;-0.7162421503424892
7.405;-0.020411282354953948;-0.6663923084720442
7.41;-0.023601634298901723;-0.6084622552278366
7.415;-0.026483695109419503;-0.5432098024012078
7.42;-0.02902293250215389;-0.4714806107518679
7.425;-0.031189239555525564;-0.394197261667342
7.43;-0.03295729014378869;-0.3123474207916036
7.4350000000000005;-0.034306833071397966;-0.22697124065865376
7.44;-0.035222921455808895;-0.1391481657151675
7.445;-0.035696075396667616;-0.04998331053469536
7.45;-0.035722377129970576;0.03940641805543739
7.455;-0.03530349250933461;0.127906300072236
7.46;-0.03444662657179443;0.21441767470971942
7.465;-0.03316440867423082;0.2978715512490184
7.47;-0.03147471433235663;0.37724182153513114
7.4750000000000005;-0.029400414806343648;0.45155784086639833
7.48;-0.02696906805105597;0.5199162374132393
7.485;-0.024212559963930423;0.5814919102496665
7.49;-0.02116668549603513;0.6355479538749681
7.495;-0.017870684291589087;0.6814444271949318
7.5;-0.01436673789605488;0.7186459161757401
7.505;-0.010699430178642964;0.7467277169608723
7.51;-0.006915181517313166;0.7653806553994355
7.515000000000001;-0.0030616620025002666;0.7744144019778425
7.5200000000000005;0.0008128078150646666;0.7737593285499186
7.525;0.004659862086452013;0.7634668325703116
7.53;0.008431692313720778;0.7437081471701776
7.535;0.01208164051223898;0.7147716954658837
7.54;0.01556477536883928;0.6770589464436748
7.545;0.018838444608367703;0.6310789340482548
7.55;0.021862795859898036;0.5774414153143343
7.555;0.024601260915785104;0.5168488356477093
7.5600000000000005;0.02702099674755;0.45008716115325237
7.565;0.02909327763526315;0.37801570660866984
7.57;0.03079383550497242;0.3015561153435072
7.575;0.03210314138953159;0.2216805830888094
7.58;0.033006628560822614;0.1393995321039549
7.585;0.03349485112871688;0.055748843504295036
7.59;0.03356357924111703;-0.028223158111269155
7.595;0.033213826999132036;-0.1114688196061254
7.6000000000000005;0.0324518185099359;-0.19295420560437496
7.605;0.03128889193754114;-0.27167194254339605
7.61;0.029741324640865468;-0.3466536327842331
7.615;0.027830112256170384;-0.4169817418299683
7.62;0.025580689396173275;-0.4818008012228865
7.625;0.023022592202384184;-0.5403278165771189
7.63;0.02018906921514812;-0.5918616735714632
7.635;0.017116652814172816;-0.6357915291342188
7.640000000000001;0.013844687919009797;-0.6716039674679054
7.6450000000000005;0.010414830739660852;-0.6988890184013206
7.65;0.0068705188611761;-0.7173447891297019
7.655;0.0032564218593798327;-0.7267807307486569
7.66;-0.00038212042189274915;-0.7271195312831176
7.665;-0.003999665921903751;-0.7183975628525497
7.67;-0.00755123695576843;-0.7007639215911822
7.675;-0.010992878529288137;-0.6744780751012966
7.68;-0.014282201409544249;-0.6399061293823686
7.6850000000000005;-0.01737890321792105;-0.597515792100665
7.69;-0.02024526135675035;-0.547870097467507
7.695;-0.022846591446297148;-0.49161996191344504
7.7;-0.025151665798362623;-0.42949568063421717
7.705;-0.02713308718974395;-0.3622974783221851
7.71;-0.028767613175751765;-0.29088522639923486
7.715;-0.030036426892080498;-0.21616746057630687
7.72;-0.030925351709396236;-0.1390898460784788
7.7250000000000005;-0.031425007539072326;-0.06062323159827972
7.73;-0.031530906101606776;0.018248559246146084
7.735;-0.031243485515785985;0.09654104455363477
7.74;-0.030568080973147532;0.17328135326322516
7.745;-0.02951483841192445;0.24752029056451505
7.75;-0.028098567235861443;0.3183440677857169
7.755;-0.02633853440866445;0.3848855389778184
7.76;-0.02425820095920521;0.4463347622124653
7.765000000000001;-0.021884914570194484;0.5019488490511269
7.7700000000000005;-0.01924955213201487;0.5510609413635897
7.775;-0.016386117151584043;0.5930881610567579
7.78;-0.013331302985865039;0.6275384968123817
7.785;-0.010124024075240538;0.6540165426607025
7.79;-0.006804920457612603;0.6722279744329992
7.795;-0.0034158442296304825;0.6819827881632172
7.8;6.675614844010597e-07;0.6831971762489487
7.805000000000001;0.0034019257892265314;0.6758941236782182
7.8100000000000005;0.006745621972065633;0.6602026219833863
7.815;0.00999035346877658;0.6363556066447512
7.82;0.013096135396050994;0.6046865815081843
7.825;0.016024892476586113;0.5656250156883031
7.83;0.018740925060633365;0.5196905724828749
7.835;0.021211342857559736;0.4674862170199339
7.84;0.023406462872070176;0.40969035189600417
7.845;0.025300164106516997;0.34704800797128454
7.8500000000000005;0.026870197931869816;0.2803612821714825
7.855;0.028098447250982077;0.2104790760292084
7.86;0.02897113439329074;0.13828631942300684
7.865;0.029478973051516134;0.06469277918403817
7.87;0.02961726340273728;-0.009378385140245311
7.875;0.029385931732450583;-0.08300217865918749
7.88;0.02878951022093628;-0.15526330951504067
7.885;0.027837058385701403;-0.22526754844637734
7.890000000000001;0.026542031971259372;-0.29215277924874544
7.8950000000000005;0.02492209425419356;-0.3550995866559936
7.9;0.022998878146345433;-0.4133412844543962
7.905;0.020797698697173614;-0.4661732326773256
7.91;0.018347220598451883;-0.5129613250799887
7.915;0.015679087390006542;-0.5531496004970212
7.92;0.012827513193840893;-0.586266813508033
7.925;0.009828844145328112;-0.6119318968268299
7.930000000000001;0.00672109700312146;-0.6298583300582974
7.9350000000000005;0.003543478496823675;-0.6398573020045714
7.94;0.00033589057973261905;-0.6418396096426902
7.945;-0.0028615694134458635;-0.6358163246321431
7.95;-0.0060091090785888155;-0.6218982133217528
7.955;-0.009067735689053221;-0.6002939143131015
7.96;-0.011999738253191164;-0.5713068935575542
7.965;-0.014769151604513708;-0.5353312447765689
7.97;-0.017342196912679336;-0.4928463800147027
7.9750000000000005;-0.019687692557598342;-0.44441066689885445
7.98;-0.02177743106234715;-0.39065412348038897
7.985;-0.023586517488942423;-0.33227025278574984
7.99;-0.0250936645542626;-0.27000711297856417
7.995;-0.02628144178425982;-0.20465775622622462
8.0;-0.027136475718231697;-0.13705014931508314
8.005;-0.02764959812319361;-0.06803669883534758
8.01;-0.027815940774027693;0.001516477595823372
8.015;-0.027634979242225632;0.07074039874126471
8.02;-0.027110518084107943;0.13877406145001672
8.025;-0.026250624428551816;0.20477513731313238
8.03;-0.025067508687243476;0.2679303838724318
8.035;-0.023577353334317964;0.32746564087692887
8.040000000000001;-0.02180009490224561;0.3826553084155586
8.045;-0.019759157354151256;0.4328311604863932
8.05;-0.01748114552047401;0.47739042357744943
8.055;-0.014995499511921171;0.515802997442482
8.06;-0.012334114624551912;0.547617720471221
8.065;-0.009530934028225928;0.5724676697741848
8.07;-0.006621514813173403;0.5900742970298127
8.075;-0.0036425798075483146;0.6002505606112967
8.08;-0.0006315541967788172;0.6029028341438891
8.085;0.002373904245189236;0.5980316425809213
8.09;0.0053363750108749095;0.5857312472312082
8.095;0.008219140185667332;0.5661880536464192
8.1;0.010986638773792948;0.5396778695742627
8.105;0.013604904517832056;0.5065620747522623
8.11;0.016041982143139843;0.4672827409315987
8.115;0.01826831632510547;0.42235675498527947
8.120000000000001;0.02025710924141272;0.3723690495819709
8.125;0.021984642377145185;0.31796501550433776
8.13;0.023430557978158253;0.2598421838365433
8.135;0.02457809777760681;0.19874130621501604
8.14;0.025414295921117807;0.13543693437853105
8.145;0.025930122999251296;0.07072761446384665
8.15;0.026120582135216862;0.005425838802474811
8.155;0.025984752370623088;-0.0596521452706081
8.16;0.025525781798083475;-0.12369652265440334
8.165000000000001;0.02475082947196074;-0.18591396226404322
8.17;0.023670961478674743;-0.24553743993544652
8.175;0.022300994951628374;-0.3018356928510576
8.18;0.02065929191305063;-0.3541221331698948
8.185;0.01876751788561686;-0.4017632128533982
8.19;0.016650358866927745;-0.44418609307942425
8.195;0.014335198847007825;-0.48088551593320467
8.2;0.011851765724961882;-0.5114297732378562
8.205;0.00923175190636678;-0.5354657798139948
8.21;0.006508409852455043;-0.5527231065478273
8.215;0.003716131054197461;-0.5630169949922483
8.22;0.000890012360567671;-0.5662502607246317
8.225;-0.00193458427208118;-0.5624141298297417
8.23;-0.004722473729679464;-0.5515879394270837
8.235;-0.00743908527928722;-0.5339377673815557
8.24;-0.010050890339654112;-0.5097139671766417
8.245000000000001;-0.012525815815211757;-0.47924768020228437
8.25;-0.014833637157963202;-0.4429463437719949
8.255;-0.01694634662772473;-0.4012882775061545
8.26;-0.018838492409429336;-0.3548164069235634
8.265;-0.020487484221624646;-0.30413120947108735
8.27;-0.021873862193910104;-0.24988297925044825
8.275;-0.022981525024475962;-0.19276349838853524
8.28;-0.02379791607458115;-0.13349723802761707
8.285;-0.02431416336610539;-0.07283218085957557
8.290000000000001;-0.024525174476242417;-0.011530401874223916
8.295;-0.024429681231839112;0.04964149251328869
8.3;-0.02403024142616656;0.10992192979632874
8.305;-0.02333318897188566;0.16856384504939803
8.31;-0.02234853669423604;0.22484392614758852
8.315;-0.021089835139962508;0.27807150988952706
8.32;-0.01957399042239409;0.3275970597054623
8.325;-0.01782103647824412;0.37282006086374647
8.33;-0.0158538702550132;0.4131962603848878
8.335;-0.0136979568792778;0.4482442349918748
8.34;-0.01138099955449456;0.4775510980667385
8.345;-0.008932583902126609;0.500777327809422
8.35;-0.006383801637874037;0.5176606818233629
8.355;-0.0037668561571261696;0.5280191075899937
8.36;-0.0011146564459503347;0.5317526700366967
8.365;0.0015395962051816788;0.5288444080873203
8.370000000000001;0.004162823063010882;0.5193601983164751
8.375;0.006722479448283607;0.5034475444123205
8.38;0.009186958003695291;0.4813333921353618
8.385;0.011525978234978008;0.45332093459700934
8.39;0.013710957862238998;0.4197855019188548
8.395;0.015715361405651745;0.38116956146747616
8.4;0.017515021447237288;0.3379769007989131
8.405;0.019088429614244236;0.2907660877280455
8.41;0.02041699204070661;0.24014325320287255
8.415000000000001;0.021485248792024403;0.18675434052723233
8.42;0.022281051689611836;0.13127686838111674
8.425;0.02279570162181589;0.0744113573313142
8.43;0.02302404054597113;0.01687249283594175
8.435;0.022964501684881542;-0.04061983439297772
8.44;0.02261911123331085;-0.09734952782220962
8.445;0.021993448269724183;-0.15261319072768412
8.45;0.021096558456868145;-0.2057288287973626
8.455;0.01994082651202778;-0.2560442528403391
8.46;0.018541807074451334;-0.30294507564861817
8.465;0.016918015946021544;-0.34586218750745357
8.47;0.01509068739480814;-0.38427866081423717
8.475;0.013083496369993296;-0.41773594013929394
8.48;0.010922253304067368;-0.4458393077620856
8.485;0.008634572858716086;-0.46826251487394016
8.49;0.006249521532020552;-0.4847515281350743
8.495000000000001;0.0037972495566265057;-0.49512739696298813
8.5;0.0013086099172025447;-0.49928811856903405
8.505;-0.0011852288459051111;-0.49720959155384953
8.51;-0.0036531725445577675;-0.4889455556079825
8.515;-0.0060645883373466655;-0.47462656856555185
8.52;-0.008389684462258074;-0.4544580591511761
8.525;-0.010599877352020188;-0.42871740195741226
8.53;-0.012668142818315955;-0.39775017321313694
8.535;-0.014569345450489116;-0.3619655187947882
8.540000000000001;-0.016280543322369893;-0.3218307765443477
8.545;-0.01778126452324737;-0.277865405893263
8.55;-0.01905375030014106;-0.2306342635076934
8.555;-0.02008316532315235;-0.18074038399572684
8.56;-0.02085776858169775;-0.1288172812021302
8.565;-0.021369046136937155;-0.07552092457165249
8.57;-0.021611803228867885;-0.021521468152071302
8.575000000000001;-0.021584212825903563;0.03250516663831492
8.58;-0.02128782444118643;0.08588573227010171
8.585;-0.020727530995120008;0.13795803510766178
8.59;-0.019911491683707788;0.18807913515398822
8.595;-0.018851015887488855;0.2356332878724785
8.6;-0.017560405925274265;0.2800394645527455
8.605;-0.01605676764603862;0.32075844678672905
8.61;-0.014359786077111721;0.3572993671443023
8.615;-0.012491466977821625;0.3892256045429958
8.620000000000001;-0.01047585216196285;0.41615997497631424
8.625;-0.008338711823195896;0.43778917911463167
8.63;-0.006107215031767085;0.45386740452987584
8.635;-0.003809585350043324;0.4642191069255344
8.64;-0.001474744196307914;0.4687408595648433
8.645;0.0008680522933754093;0.46740234749290865
8.65;0.003189579493411933;0.4602463897430356
8.655;0.005461008175381343;0.4473881085093382
8.66;0.007654261884117635;0.4290131473513658
8.665000000000001;0.009742363509824298;0.4053750607633595
8.67;0.011699766389093253;0.37679184338467886
8.675;0.013502666209544857;0.3436416814585057
8.68;0.015129289966447248;0.3063579776792444
8.685;0.016560157841771606;0.2654236953057385
8.69;0.01777831619440503;0.22136513207357306
8.695;0.018769536799459842;0.1747451561516954
8.700000000000001;0.019522482852823986;0.12615604338075098
8.705;0.020028836265778668;0.07621195490420828
8.71;0.02028338899383063;0.02554119729543226
8.715;0.020284092529780962;-0.025221675332122502
8.72;0.020032069998364644;-0.07544378935913823
8.725;0.019531589771949343;-0.12450183251875993
8.73;0.01878999703143581;-0.17178977374370744
8.735;0.017817608604269647;-0.2167263620766358
8.74;0.016627568282561397;-0.25876221589311094
8.745000000000001;0.015235673278202681;-0.2973865487349633
8.75;0.013660166327789778;-0.33213335784499076
8.755;0.011921496515614744;-0.3625870368831469
8.76;0.010042053757914787;-0.3883873111886162
8.765;0.008045882588767173;-0.4092335028899411
8.77;0.005958374319087478;-0.42488798767811486
8.775;0.0038059450611367977;-0.4351788961252148
8.78;0.0016157018021411376;-0.4400019442338724
8.785;-0.000584898237235178;-0.43932143974855886
8.790000000000001;-0.0027683913282701414;-0.43317042182553905
8.795;-0.0049076494374095374;-0.42164993341036006
8.8;-0.006976216751283027;-0.4049274745749971
8.805;-0.008948636133439972;-0.38323459875794713
8.81;-0.010800762161407546;-0.35686376524792623
8.815;-0.012510055624220928;-0.3261643990391835
8.82;-0.014055857771464716;-0.291538306862248
8.825000000000001;-0.015419638707262665;-0.25343441774271075
8.83;-0.01658521923179707;-0.2123429921216588
8.835;-0.0175389616926822;-0.1687893237340754
8.84;-0.01826992849283242;-0.12332703826708942
8.845;-0.018770006686536746;-0.07653107327747415
8.85;-0.019033995806462038;-0.028990414430357055
8.855;-0.01905966049191758;0.018699300304456233
8.86;-0.018847742853425786;0.06594323275838936
8.865;-0.018401943595370843;0.112154752629715
8.870000000000001;-0.017728861816696466;0.15676270166281112
8.875;-0.01683789926071826;0.19921846942819535
8.88;-0.01574112893128944;0.23900271553809674
8.885;-0.014453131866630718;0.2756316732651043
8.89;-0.012990808980594692;0.3086630586841939
8.895;-0.011373157621618023;0.3377013817802538
8.9;-0.009621025364444891;0.3624026738689509
8.905;-0.007756842122531917;0.382478529419279
8.91;-0.0058043340295934505;0.39769945957889924
8.915000000000001;-0.003788221803629416;0.407897493640761
8.92;-0.001733908091735978;0.4129679807104973
8.925;0.0003328416713591131;0.41287063427450427
8.93;0.0023862221400586174;0.40762972000123215
8.935;0.0044007096995079585;0.3973334925278614
8.94;0.006351379196023767;0.38213279037429493
8.945;0.008214211778457289;0.3622388838134916
8.950000000000001;0.009966390244954973;0.33792057935394676
8.955;0.01158657766305395;0.30950059890874404
8.96;0.013055177103712182;0.2773513382564341
8.965;0.014354567340395589;0.24188998406673223
8.97;0.015469314359732221;0.2035731361664589
8.975;0.01638635329911138;0.16289092927232796
8.98;0.017095140820246813;0.12036078115072858
8.985;0.01758777551406098;0.07652082691550394
8.99;0.017859083870312504;0.03192311624446235
8.995000000000001;0.017906673542688708;-0.012873320976855738
9.0;0.017730949088986692;-0.05730947356711129
9.005;0.017335094902885026;-0.10083330666922535
9.01;0.016725026864041606;-0.14290661980824815
9.015;0.01590930518148492;-0.18301170400133687
9.02;0.014899008333407416;-0.22065766897430555
9.025;0.013707590510742764;-0.2553864432317263
9.03;0.012350704976835237;-0.28677835730708445
9.035;0.010845996095443839;-0.31445719390066096
9.040000000000001;0.00921287022956804;-0.3380946653364541
9.045;0.007472247968658086;-0.3574143212275935
9.05;0.005646295189850316;-0.3721947062141167
9.055;0.0037581424035339323;-0.3822719242268379
9.06;0.0018315918947983572;-0.38754140933969927
9.065;-0.00010918191476379799;-0.38795896367353966
9.07;-0.0020399352772070166;-0.38354103209058865
9.075000000000001;-0.0039366574224457265;-0.374364237015235
9.08;-0.005775868769328789;-0.36056414860425956
9.085;-0.007534910977120433;-0.34233333088853285
9.09;-0.009192225747450643;-0.3199186980497635
9.095;-0.010727618282681345;-0.2936181824137137
9.1;-0.012122503078772941;-0.26377680676516235
9.105;-0.01336012805397553;-0.23078216667665313
9.11;-0.014425775233969236;-0.19505941659358747
9.115;-0.015306935071426853;-0.15706580407512982
9.120000000000001;-0.015993452205115347;-0.11728482728523112
9.125;-0.016477641897111373;-0.07622009837025595
9.13;-0.016754373882569416;-0.03438897310332253
9.135;-0.01682112646941388;0.007683947715006617
9.14;-0.016678004984529506;0.04947339196926262
9.145;-0.01632772911886295;0.09045996532756095
9.15;-0.01577558711926876;0.13013659307933773
9.155;-0.0150293586563331;0.16801478270839415
9.16;-0.014099207652166216;0.20363063251385916
9.165000000000001;-0.012997543938221784;0.2365504958720009
9.17;-0.011738859187024255;0.2663762621124669
9.175;-0.010339535744170686;0.2927501317597984
9.18;-0.008817634936346819;0.3153589097795321
9.185;-0.007192665285256072;0.3339377101410981
9.19;-0.00548533259467333;0.34827304572693096
9.195;-0.0037172760296773173;0.35820524122821235
9.200000000000001;-0.001910795018416163;0.36363020223147186
9.205;-8.856815647502502e-05;0.3645004472541884
9.21;0.001726630980744603;0.3608254618968225
9.215;0.003512218000304461;0.3526713110963448
9.22;0.005246078234892651;0.3401595791437704
9.225;0.006906840119797122;0.32346559206254616
9.23;0.008474138286058244;0.302816007387913
9.235;0.009928862592885218;0.2784857483213408
9.24;0.011253390883213681;0.25079437475429245
9.245000000000001;0.012431801604515274;0.22010189219394916
9.25;0.01345006491180934;0.18680409506983178
9.255;0.014296208682273232;0.1513274680455787
9.26;0.014960458848414841;0.11412374182889165
9.265;0.01543535101428074;0.07566414730161074
9.27;0.01571581324427667;0.03643346024641839
9.275;0.01579921867017714;-0.003076099143592312
9.28;0.01568540793836575;-0.042371029951933724
9.285;0.015376678926275828;-0.08096270985947555
9.290000000000001;0.01487774778465597;-0.1183734593826527
9.295;0.01419567973177112;-0.1541424448046095
9.3;0.013339789678039038;-0.18783134009283012
9.305;0.01232151700990327;-0.21902969573049147
9.31;0.011154273198238175;-0.24735992337533408
9.315;0.009853265592512539;-0.2724818466569261
9.32;0.008435300652742925;-0.2940967890363697
9.325000000000001;0.006918566842058499;-0.3119510985925178
9.33;0.005322401911169628;-0.32583910272137007
9.335;0.0036670472075145608;-0.33560547268441465
9.34;0.001973391060046457;-0.3411469191605948
9.345;0.000262705793840854;-0.34241325052186794
9.35;-0.0014436189707844704;-0.3394077713588782
9.355;-0.0031243434154982737;-0.33218698506018335
9.36;-0.004758641445965767;-0.3208596665652995
9.365;-0.006326358402177197;-0.3055852731143331
9.370000000000001;-0.007808258921045992;-0.28657171584012253
9.375;-0.009186262862584173;-0.26407257631778563
9.38;-0.010443665216146206;-0.23838372885955916
9.385;-0.011565337848451896;-0.20983946194536843
9.39;-0.012537911538580962;-0.178808157020085
9.395;-0.01334993423091367;-0.1456875341270577
9.4;-0.013992005096434055;-0.11089956741182945
9.405;-0.014456883085963755;-0.07488512622223074
9.41;-0.014739566832395716;-0.03809839025941707
9.415000000000001;-0.014837347269659422;-0.0010011353053175874
9.42;-0.01474983145391927;0.03594305409770505
9.425;-0.014478934650312037;0.07227456431983019
9.43;-0.014028850132446612;0.10754346197472767
9.435;-0.01340598974423543;0.14131508287260694
9.44;-0.012618883600319477;0.17317534744210872
9.445;-0.011678069237469176;0.20273583072780085
9.450000000000001;-0.010595954590214274;0.22963849615022933
9.455;-0.009386652781036016;0.25356001846055193
9.46;-0.008065798394708359;0.27421567334658264
9.465;-0.006650345551467231;0.2913626908165421
9.47;-0.005158351319683312;0.30480307381004546
9.475;-0.0036087463005872594;0.3143859084515276
9.48;-0.0020210942443117624;0.32000901649238633
9.485;-0.000415345611684194;0.3216200073820187
9.49;0.0011884126472847462;0.31921671207287894
9.495000000000001;0.0027702080023260384;0.31284698605535344
9.5;0.004310430733052957;0.3026078912353702
9.505;0.005790076511275835;0.288644260407312
9.51;0.007190980637567502;0.2711466912088622
9.515;0.008496040391340543;0.2503489536261768
9.52;0.009689423665388377;0.2265248979418738
9.525;0.010756760200248516;0.19998485200075863
9.53;0.01168531449031025;0.17107160266020532
9.535;0.012464136757299613;0.1401559710400055
9.540000000000001;0.013084191806652679;0.10763207469014323
9.545;0.013538462681009668;0.07391230771526122
9.55;0.013822029140146583;0.03942212388074409
9.555;0.01393211979350056;0.004594677967283328
9.56;0.013868137566348212;-0.030134603130731723
9.565;0.013631656305466686;-0.0643334612664595
9.57;0.013226391717831024;-0.09757817533635595
9.575000000000001;0.012658146023156779;-0.12945880160360293
9.58;0.011934726832741424;-0.15958422188944738
9.585;0.011065840622409204;-0.18758694399285705
9.59;0.010062961480364861;-0.21312754651427615
9.595;0.008939181745895355;-0.23589880069080404
9.6;0.0077090423453954945;-0.2556293540283532
9.605;0.006388344553775771;-0.27208695437954866
9.61;0.004993946913764207;-0.28508115447049515
9.615;0.0035435513310535707;-0.2944655168897751
9.620000000000001;0.002055478314982926;-0.3001392260158692
9.625;0.0005484360509062045;-0.30204815189781836
9.63;-0.0009587144324261027;-0.30018531097078277
9.635;-0.0024471948970832724;-0.294590740862971
9.64;-0.0038985435345558262;-0.2853508003874955
9.645;-0.005294843494548964;-0.27259687316070247
9.65;-0.006618943843246846;-0.25650354666803327
9.655;-0.0078546695460085;-0.237286225905486
9.66;-0.008987019008213918;-0.21519828504402255
9.665000000000001;-0.010002345424089915;-0.19052772826529296
9.67;-0.010888520901848983;-0.16359345246615592
9.675;-0.011635080872621714;-0.13474113728672324
9.68;-0.012233346735743363;-0.10433881365193165
9.685;-0.012676526535457021;-0.07277218567404689
9.69;-0.012959790475291496;-0.04043973911930135
9.695;-0.013080323119949961;-0.0077477256277312685
9.700000000000001;-0.013037348086752228;0.02489493743294008
9.705;-0.012832130375244541;0.057081770509391325
9.71;-0.012467951484678998;0.08841378485438298
9.715;-0.01195005838386699;0.11850442136984382
9.72;-0.011285589326646157;0.14698432236422565
9.725;-0.010483477788213603;0.17350585062500506
9.73;-0.009554331152534434;0.1977473055414662
9.735;-0.008510292098519449;0.21941683368278717
9.74;-0.007364881082597759;0.2382559278360483
9.745000000000001;-0.006132821483406099;0.25404250179251336
9.75;-0.004829850246339558;0.2665934911317595
9.755;-0.0034725175244786346;0.2757669559665574
9.76;-0.002077977168437473;0.28146367924475557
9.765;-0.0006637698927484285;0.2836281951436556
9.77;0.0007523967903969498;0.2822492990774919
9.775;0.002152869970677237;0.27735998410641355
9.78;0.0035202710119745;0.2690368272693846
9.785;0.0048377109429241175;0.2573988549283754
9.790000000000001;0.006088998523632122;0.2426058532510866
9.795;0.007258839054581078;0.22485621054796498
9.8;0.00833302084247865;0.2043842657157162
9.805;0.00929858730052597;0.18145722563710243
9.81;0.010143993150335515;0.15637169930165237
9.815;0.010859241417230533;0.12944985866051467
9.82;0.011436001647169144;0.10103532155899252
9.825000000000001;0.011867705930496722;0.07148876867850046
9.83;0.012149622755405232;0.041183373846745905
9.835;0.012278908284527613;0.010500102328990743
9.84;0.012254632310792797;-0.020177073964339806
9.845;0.012077781640754084;-0.050465968738233655
9.85;0.011751240857725238;-0.07999093602769548
9.855;0.011279747988695908;-0.10838753121275545
9.86;0.010669825204651899;-0.13530700336020987
9.865;0.009929687692424406;-0.160420549944987
9.870000000000001;0.009069137368581311;-0.18342333068615727
9.875;0.008099433922998323;-0.20403817309843286
9.88;0.007033146222847494;-0.22201889523695023
9.885;0.005883989881795388;-0.23715322479783318
9.89;0.0046666521205420905;-0.24926530165220137
9.895;0.003396604411802065;-0.2582177173825282
9.9;0.0020899054331097173;-0.2639130333176793
9.905;0.0007629988066388813;-0.2662948142965415
9.91;-0.0005674931437896016;-0.2653481696066144
9.915000000000001;-0.001884977649634443;-0.26109975146970427
9.92;-0.0031730981127120563;-0.25361721996982445
9.925;-0.004415936750477887;-0.24300823485428036
9.93;-0.005598210911022308;-0.22941892334235145
9.935;-0.006705460830604087;-0.21303189735570796
9.94;-0.007724225885149143;-0.19406380622874234
9.945;-0.00864220806984975;-0.17276249467728913
9.950000000000001;-0.00944841980907722;-0.14940376785797652
9.955;-0.01013331522279837;-0.12428783625412035
9.96;-0.010688902430776557;-0.09773546227269614
9.965;-0.01110883616202922;-0.07008387339201073
9.97;-0.011388489704777648;-0.04168248892194758
9.975;-0.01152500510759841;-0.012888513407642924
9.98;-0.011517319987794686;0.015937554639063718
9.985;-0.011366172622234097;0.04443642247488526
9.99;-0.01107408544216649;0.07225447172955897
9.995000000000001;-0.010645328774897714;0.09904815252619396
